date,equity,nav,cash,position_value,exposure,turnover,benchmark_nav,strategy_drawdown,benchmark_drawdown
2013-12-16,1000000.0,1.0,1000000.0,0.0,0.0,0.0,0.9293394777265744,0.0,0.0
2013-12-17,1000000.0,1.0,1000000.0,0.0,0.0,0.0,0.9235791090629799,0.0,-0.006198347107438051
2013-12-18,1000000.0,1.0,1000000.0,0.0,0.0,0.0,0.924347158218126,0.0,-0.00537190082644623
2013-12-19,1000000.0,1.0,1000000.0,0.0,0.0,0.0,0.9155145929339477,0.0,-0.014876033057851346
2013-12-20,1000000.0,1.0,1000000.0,0.0,0.0,0.0,0.8959293394777266,0.0,-0.03595041322314041
2013-12-23,1000000.0,1.0,1000000.0,0.0,0.0,0.0,0.8959293394777266,0.0,-0.03595041322314041
2013-12-24,1000000.0,1.0,1000000.0,0.0,0.0,0.0,0.8970814132104454,0.0,-0.034710743801652844
2013-12-25,1000000.0,1.0,1000000.0,0.0,0.0,0.0,0.901689708141321,0.0,-0.02975206611570247
2013-12-26,1000000.0,1.0,1000000.0,0.0,0.0,0.0,0.8894009216589861,0.0,-0.04297520661157028
2013-12-27,1000000.0,1.0,1000000.0,0.0,0.0,0.0,0.9013056835637481,0.0,-0.030165289256198324
2013-12-30,1000000.0,1.0,1000000.0,0.0,0.0,0.0,0.902073732718894,0.0,-0.029338842975206503
2013-12-31,1000000.0,1.0,1000000.0,0.0,0.0,0.0,0.912442396313364,0.0,-0.018181818181818188
2014-01-02,1000000.0,1.0,1000000.0,0.0,0.0,0.0,0.9093701996927802,0.0,-0.02148760330578514
2014-01-03,1000000.0,1.0,1000000.0,0.0,0.0,0.0,0.8993855606758833,0.0,-0.0322314049586776
2014-01-06,1000000.0,1.0,1000000.0,0.0,0.0,0.0,0.8778801843317973,0.0,-0.05537190082644616
2014-01-07,1000000.0,1.0,1000000.0,0.0,0.0,0.0,0.8782642089093702,0.0,-0.05495867768595042
2014-01-08,1000000.0,1.0,1000000.0,0.0,0.0,0.0,0.8774961597542243,0.0,-0.05578512396694202
2014-01-09,1000000.0,1.0,1000000.0,0.0,0.0,0.0,0.8721198156682027,0.0,-0.061570247933884215
2014-01-10,1000000.0,1.0,1000000.0,0.0,0.0,0.0,0.8659754224270353,0.0,-0.06818181818181812
2014-01-13,1000000.0,1.0,1000000.0,0.0,0.0,0.0,0.8598310291858678,0.0,-0.07479338842975203
2014-01-14,1000000.0,1.0,1000000.0,0.0,0.0,0.0,0.8655913978494624,0.0,-0.06859504132231398
2014-01-15,1000000.0,1.0,1000000.0,0.0,0.0,0.0,0.8655913978494624,0.0,-0.06859504132231398
2014-01-16,1000000.0,1.0,1000000.0,0.0,0.0,0.0,0.8659754224270353,0.0,-0.06818181818181812
2014-01-17,1000000.0,1.0,1000000.0,0.0,0.0,0.0,0.8536866359447004,0.0,-0.08140495867768593
2014-01-20,1000000.0,1.0,1000000.0,0.0,0.0,0.0,0.8494623655913979,0.0,-0.08595041322314045
2014-01-21,1000000.0,1.0,1000000.0,0.0,0.0,0.0,0.8379416282642088,0.0,-0.09834710743801656
2014-01-22,1000000.0,1.0,1000000.0,0.0,0.0,0.0,0.8609831029185867,0.0,-0.07355371900826446
2014-01-23,1000000.0,1.0,1000000.0,0.0,0.0,0.0,0.8563748079877112,0.0,-0.07851239669421484
2014-01-24,1000000.0,1.0,1000000.0,0.0,0.0,0.0,0.8609831029185867,0.0,-0.07355371900826446
2014-01-27,1000000.0,1.0,1000000.0,0.0,0.0,0.0,0.8498463901689708,0.0,-0.0855371900826446
2014-01-28,1000000.0,1.0,1000000.0,0.0,0.0,0.0,0.8506144393241166,0.0,-0.084710743801653
2014-01-29,1000000.0,1.0,1000000.0,0.0,0.0,0.0,0.8533026113671275,0.0,-0.08181818181818179
2014-01-30,1000000.0,1.0,1000000.0,0.0,0.0,0.0,0.8413978494623655,0.0,-0.09462809917355375
2014-02-07,1000000.0,1.0,1000000.0,0.0,0.0,0.0,0.8467741935483871,0.0,-0.08884297520661144
2014-02-10,1000000.0,1.0,1000000.0,0.0,0.0,0.0,0.8713517665130569,0.0,-0.062396694214875925
2014-02-11,1000000.0,1.0,1000000.0,0.0,0.0,0.0,0.8755760368663593,0.0,-0.05785123966942152
2014-02-12,1000000.0,1.0,1000000.0,0.0,0.0,0.0,0.8771121351766512,0.0,-0.056198347107438096
2014-02-13,1000000.0,1.0,1000000.0,0.0,0.0,0.0,0.8748079877112135,0.0,-0.05867768595041323
2014-02-14,1000000.0,1.0,1000000.0,0.0,0.0,0.0,0.8778801843317973,0.0,-0.05537190082644616
2014-02-17,1003074.951119098,1.003074951119098,199760.00000000012,803314.9511190979,0.8008523692301015,799999.9999999999,0.8840245775729647,0.0,-0.048760330578512256
2014-02-18,995955.0112825895,0.9959550112825896,199760.00000000012,796195.0112825894,0.7994286913193503,0.0,0.8736559139784945,-0.00709811348450573,-0.059917355371900904
2014-02-19,996883.6990873516,0.9968836990873515,199760.00000000012,797123.6990873514,0.799615541729812,0.0,0.8851766513056836,-0.00617227259522235,-0.04752066115702469
2014-02-20,994716.7608762402,0.9947167608762402,199760.00000000012,794956.7608762401,0.7991790147136631,0.0,0.8774961597542243,-0.008332568003550311,-0.05578512396694202
2014-02-21,998431.5120952881,0.9984315120952881,199760.00000000012,798671.512095288,0.799926186643701,0.0,0.8675115207373271,-0.00462920444641679,-0.06652892561983481
2014-02-24,1002456.1381350943,1.0024561381350943,199686.2803097833,802769.857825311,0.8008029750994722,73.69758094253484,0.847926267281106,-0.000616915997466827,-0.08760330578512388
2014-02-25,1007100.0054190819,1.007100005419082,199686.2803097833,807413.7251092986,0.8017214981279954,0.0,0.826036866359447,0.0,-0.1111570247933884
2014-02-26,1018245.2869006519,1.018245286900652,199686.2803097833,818559.0065908686,0.8038917705992129,0.0,0.8271889400921658,0.0,-0.10991735537190084
2014-02-27,1003384.9115918918,1.0033849115918918,199686.2803097833,803698.6312821085,0.8009873598826828,0.0,0.825268817204301,-0.01459410173553799,-0.11198347107438023
2014-02-28,1010195.9169417401,1.01019591694174,199686.2803097833,810509.6366319568,0.8023291552055446,0.0,0.8337173579109062,-0.007905138440083226,-0.10289256198347119
2014-03-03,1018244.0655509835,1.0182440655509835,203889.14980693467,814354.9157440489,0.7997639694599076,4212.556270294823,0.83678955453149,-1.1994650839231014e-06,-0.09958677685950412
2014-03-04,1014548.052317652,1.014548052317652,203889.14980693467,810658.9025107174,0.7990345067035843,0.0,0.8348694316436251,-0.0036309861980836633,-0.10165289256198351
2014-03-05,1011776.0423926534,1.0117760423926534,203889.14980693467,807886.8925857188,0.7984839121859652,0.0,0.8275729646697387,-0.006353326247833357,-0.1095041322314051
2014-03-06,1009620.03467321,1.00962003467321,203889.14980693467,805730.8848662754,0.798053581738868,0.0,0.8317972350230414,-0.008470701842083206,-0.10495867768595046
2014-03-07,1017012.061139873,1.017012061139873,203889.14980693467,813122.9113329384,0.7995214043200093,0.0,0.8291090629800306,-0.0012111283760838365,-0.10785123966942156
2014-03-10,1005605.1035550886,1.0056051035550886,201861.7986911586,803743.30486393,0.7992633510137109,2026.7430928482208,0.8033794162826421,-0.01241369197400144,-0.13553719008264453
2014-03-11,1013942.0490915182,1.013942049091518,201861.7986911586,812080.2504003595,0.800913869908024,0.0,0.8068356374807988,-0.004226130839487752,-0.13181818181818172
2014-03-12,1026910.6310370753,1.0269106310370752,201861.7986911586,825048.8323459167,0.8034280758323645,0.0,0.8076036866359447,0.0,-0.13099173553719
2014-03-13,1029380.8371219432,1.0293808371219433,201861.7986911586,827519.0384307846,0.8038997896487502,0.0,0.8202764976958525,0.0,-0.11735537190082634
2014-03-14,1030924.7159249857,1.0309247159249857,201861.7986911586,829062.9172338271,0.8041934628465665,0.0,0.8133640552995391,0.0,-0.12479338842975207
2014-03-17,1041084.5761578657,1.0410845761578658,207656.6150299885,833427.9611278772,0.8005381889372067,5808.17223087477,0.8195084485407066,0.0,-0.11818181818181817
2014-03-18,1027899.3655881457,1.0278993655881457,207656.6150299885,820242.7505581572,0.7979796252611061,0.0,0.8187403993855606,-0.012664879368763926,-0.11900826446280988
2014-03-19,1029125.8968039335,1.0291258968039336,207656.6150299885,821469.2817739451,0.7982203968679736,0.0,0.8137480798771122,-0.011486751055390543,-0.1243801652892561
2014-03-20,1017167.2174500016,1.0171672174500017,207656.6150299885,809510.6024200132,0.7958481049452464,0.0,0.7995391705069124,-0.022973502110780752,-0.1396694214876033
2014-03-21,1017167.2174500016,1.0171672174500017,207656.6150299885,809510.6024200132,0.7958481049452464,0.0,0.8291090629800306,-0.022973502110780752,-0.10785123966942156
2014-03-24,1015710.6245475373,1.0157106245475374,1015710.6245475373,0.0,0.0,809105.8471188033,0.8329493087557603,-0.024372613130021814,-0.10371900826446279
2014-03-25,1015710.6245475373,1.0157106245475374,1015710.6245475373,0.0,0.0,0.0,0.8317972350230414,-0.024372613130021814,-0.10495867768595046
2014-03-26,1015710.6245475373,1.0157106245475374,1015710.6245475373,0.0,0.0,0.0,0.8317972350230414,-0.024372613130021814,-0.10495867768595046
2014-03-27,1015710.6245475373,1.0157106245475374,1015710.6245475373,0.0,0.0,0.0,0.826036866359447,-0.024372613130021814,-0.1111570247933884
2014-03-28,1015710.6245475373,1.0157106245475374,1015710.6245475373,0.0,0.0,0.0,0.8256528417818739,-0.024372613130021814,-0.11157024793388437
2014-03-31,1015710.6245475373,1.0157106245475374,1015710.6245475373,0.0,0.0,0.0,0.8221966205837173,-0.024372613130021814,-0.11528925619834707
2014-04-01,1015710.6245475373,1.0157106245475374,1015710.6245475373,0.0,0.0,0.0,0.8268049155145929,-0.024372613130021814,-0.1103305785123967
2014-04-02,1015710.6245475373,1.0157106245475374,1015710.6245475373,0.0,0.0,0.0,0.8333333333333333,-0.024372613130021814,-0.10330578512396693
2014-04-03,1015710.6245475373,1.0157106245475374,1015710.6245475373,0.0,0.0,0.0,0.8275729646697387,-0.024372613130021814,-0.1095041322314051
2014-04-04,1015710.6245475373,1.0157106245475374,1015710.6245475373,0.0,0.0,0.0,0.8375576036866359,-0.024372613130021814,-0.09876033057851241
2014-04-08,1015710.6245475373,1.0157106245475374,1015710.6245475373,0.0,0.0,0.0,0.8575268817204301,-0.024372613130021814,-0.07727272727272716
2014-04-09,1015710.6245475373,1.0157106245475374,1015710.6245475373,0.0,0.0,0.0,0.8559907834101382,-0.024372613130021814,-0.07892561983471069
2014-04-10,1015710.6245475373,1.0157106245475374,1015710.6245475373,0.0,0.0,0.0,0.869815668202765,-0.024372613130021814,-0.06404958677685935
2014-04-11,1015710.6245475373,1.0157106245475374,1015710.6245475373,0.0,0.0,0.0,0.8694316436251919,-0.024372613130021814,-0.06446280991735542
2014-04-14,1015710.6245475373,1.0157106245475374,1015710.6245475373,0.0,0.0,0.0,0.869047619047619,-0.024372613130021814,-0.06487603305785128
2014-04-15,1015710.6245475373,1.0157106245475374,1015710.6245475373,0.0,0.0,0.0,0.8536866359447004,-0.024372613130021814,-0.08140495867768593
2014-04-16,1015710.6245475373,1.0157106245475374,1015710.6245475373,0.0,0.0,0.0,0.8536866359447004,-0.024372613130021814,-0.08140495867768593
2014-04-17,1015710.6245475373,1.0157106245475374,1015710.6245475373,0.0,0.0,0.0,0.8521505376344085,-0.024372613130021814,-0.08305785123966947
2014-04-18,1015710.6245475373,1.0157106245475374,1015710.6245475373,0.0,0.0,0.0,0.8506144393241166,-0.024372613130021814,-0.084710743801653
2014-04-21,1015710.6245475373,1.0157106245475374,1015710.6245475373,0.0,0.0,0.0,0.8352534562211981,-0.024372613130021814,-0.10123966942148765
2014-04-22,1015710.6245475373,1.0157106245475374,1015710.6245475373,0.0,0.0,0.0,0.8410138248847926,-0.024372613130021814,-0.0950413223140496
2014-04-23,1015710.6245475373,1.0157106245475374,1015710.6245475373,0.0,0.0,0.0,0.8387096774193549,-0.024372613130021814,-0.09752066115702474
2014-04-24,1015710.6245475373,1.0157106245475374,1015710.6245475373,0.0,0.0,0.0,0.8402457757296468,-0.024372613130021814,-0.0958677685950412
2014-04-25,1015710.6245475373,1.0157106245475374,1015710.6245475373,0.0,0.0,0.0,0.8298771121351767,-0.024372613130021814,-0.10702479338842963
2014-04-28,1015710.6245475373,1.0157106245475374,1015710.6245475373,0.0,0.0,0.0,0.8183563748079876,-0.024372613130021814,-0.11942148760330584
2014-04-29,1015710.6245475373,1.0157106245475374,1015710.6245475373,0.0,0.0,0.0,0.8256528417818739,-0.024372613130021814,-0.11157024793388437
2014-04-30,1015710.6245475373,1.0157106245475374,1015710.6245475373,0.0,0.0,0.0,0.825268817204301,-0.024372613130021814,-0.11198347107438023
2014-05-05,1015710.6245475373,1.0157106245475374,1015710.6245475373,0.0,0.0,0.0,0.8256528417818739,-0.024372613130021814,-0.11157024793388437
2014-05-06,1015710.6245475373,1.0157106245475374,1015710.6245475373,0.0,0.0,0.0,0.8245007680491551,-0.024372613130021814,-0.11280991735537194
2014-05-07,1015710.6245475373,1.0157106245475374,1015710.6245475373,0.0,0.0,0.0,0.8191244239631336,-0.024372613130021814,-0.11859504132231402
2014-05-08,1015710.6245475373,1.0157106245475374,1015710.6245475373,0.0,0.0,0.0,0.8175883256528418,-0.024372613130021814,-0.12024793388429744
2014-05-09,1015710.6245475373,1.0157106245475374,1015710.6245475373,0.0,0.0,0.0,0.8172043010752689,-0.024372613130021814,-0.1206611570247933
2014-05-12,1015710.6245475373,1.0157106245475374,1015710.6245475373,0.0,0.0,0.0,0.8337173579109062,-0.024372613130021814,-0.10289256198347119
2014-05-13,1015710.6245475373,1.0157106245475374,1015710.6245475373,0.0,0.0,0.0,0.8314132104454685,-0.024372613130021814,-0.10537190082644632
2014-05-14,1015710.6245475373,1.0157106245475374,1015710.6245475373,0.0,0.0,0.0,0.8314132104454685,-0.024372613130021814,-0.10537190082644632
2014-05-15,1015710.6245475373,1.0157106245475374,1015710.6245475373,0.0,0.0,0.0,0.8221966205837173,-0.024372613130021814,-0.11528925619834707
2014-05-16,1015710.6245475373,1.0157106245475374,1015710.6245475373,0.0,0.0,0.0,0.8218125960061444,-0.024372613130021814,-0.11570247933884292
2014-05-19,1015710.6245475373,1.0157106245475374,1015710.6245475373,0.0,0.0,0.0,0.8106758832565285,-0.024372613130021814,-0.12768595041322295
2014-05-20,1015710.6245475373,1.0157106245475374,1015710.6245475373,0.0,0.0,0.0,0.8099078341013825,-0.024372613130021814,-0.12851239669421488
2014-05-21,1015710.6245475373,1.0157106245475374,1015710.6245475373,0.0,0.0,0.0,0.8175883256528418,-0.024372613130021814,-0.12024793388429744
2014-05-22,1015710.6245475373,1.0157106245475374,1015710.6245475373,0.0,0.0,0.0,0.8152841781874041,-0.024372613130021814,-0.12272727272727257
2014-05-23,1015710.6245475373,1.0157106245475374,1015710.6245475373,0.0,0.0,0.0,0.8245007680491551,-0.024372613130021814,-0.11280991735537194
2014-05-26,1015710.6245475373,1.0157106245475374,1015710.6245475373,0.0,0.0,0.0,0.8271889400921658,-0.024372613130021814,-0.10991735537190084
2014-05-27,1015710.6245475373,1.0157106245475374,1015710.6245475373,0.0,0.0,0.0,0.8245007680491551,-0.024372613130021814,-0.11280991735537194
2014-05-28,1015710.6245475373,1.0157106245475374,1015710.6245475373,0.0,0.0,0.0,0.8329493087557603,-0.024372613130021814,-0.10371900826446279
2014-05-29,1015710.6245475373,1.0157106245475374,1015710.6245475373,0.0,0.0,0.0,0.8279569892473119,-0.024372613130021814,-0.10909090909090902
2014-05-30,1015710.6245475373,1.0157106245475374,1015710.6245475373,0.0,0.0,0.0,0.8271889400921658,-0.024372613130021814,-0.10991735537190084
2014-06-03,1015710.6245475373,1.0157106245475374,1015710.6245475373,0.0,0.0,0.0,0.8245007680491551,-0.024372613130021814,-0.11280991735537194
2014-06-04,1015710.6245475373,1.0157106245475374,1015710.6245475373,0.0,0.0,0.0,0.8172043010752689,-0.024372613130021814,-0.1206611570247933
2014-06-05,1015710.6245475373,1.0157106245475374,1015710.6245475373,0.0,0.0,0.0,0.8268049155145929,-0.024372613130021814,-0.1103305785123967
2014-06-06,1015710.6245475373,1.0157106245475374,1015710.6245475373,0.0,0.0,0.0,0.8198924731182795,-0.024372613130021814,-0.11776859504132231
2014-06-09,1015710.6245475373,1.0157106245475374,1015710.6245475373,0.0,0.0,0.0,0.8191244239631336,-0.024372613130021814,-0.11859504132231402
2014-06-10,1015710.6245475373,1.0157106245475374,1015710.6245475373,0.0,0.0,0.0,0.8302611367127496,-0.024372613130021814,-0.10661157024793388
2014-06-11,1015710.6245475373,1.0157106245475374,1015710.6245475373,0.0,0.0,0.0,0.8287250384024577,-0.024372613130021814,-0.1082644628099173
2014-06-12,1015710.6245475373,1.0157106245475374,1015710.6245475373,0.0,0.0,0.0,0.8279569892473119,-0.024372613130021814,-0.10909090909090902
2014-06-13,1015710.6245475373,1.0157106245475374,1015710.6245475373,0.0,0.0,0.0,0.837173579109063,-0.024372613130021814,-0.09917355371900816
2014-06-16,1015710.6245475373,1.0157106245475374,1015710.6245475373,0.0,0.0,0.0,0.8425499231950845,-0.024372613130021814,-0.09338842975206607
2014-06-17,1015710.6245475373,1.0157106245475374,1015710.6245475373,0.0,0.0,0.0,0.8356374807987712,-0.024372613130021814,-0.10082644628099158
2014-06-18,1015710.6245475373,1.0157106245475374,1015710.6245475373,0.0,0.0,0.0,0.8317972350230414,-0.024372613130021814,-0.10495867768595046
2014-06-19,1015710.6245475373,1.0157106245475374,1015710.6245475373,0.0,0.0,0.0,0.8198924731182795,-0.024372613130021814,-0.11776859504132231
2014-06-20,1015710.6245475373,1.0157106245475374,1015710.6245475373,0.0,0.0,0.0,0.8229646697388632,-0.024372613130021814,-0.11446280991735547
2014-06-23,1019118.4635799668,1.0191184635799668,202898.35435961606,816220.1092203507,0.800907979189315,812568.4996380298,0.8218125960061444,-0.021099258485765993,-0.11570247933884292
2014-06-24,1016309.2930319807,1.0163092930319808,202898.35435961606,813410.9386723647,0.8003576708874673,0.0,0.8287250384024577,-0.02379757004692007,-0.1082644628099173
2014-06-25,1017557.8132755301,1.01755781327553,202898.35435961606,814659.4589159141,0.8006026274748125,0.0,0.826036866359447,-0.022598320464184973,-0.1111570247933884
2014-06-26,1016933.5531537555,1.0169335531537556,202898.35435961606,814035.1987941394,0.8004802243663025,0.0,0.8298771121351767,-0.02319794525555241,-0.10702479338842963
2014-06-27,1014124.3826057697,1.0141243826057698,202898.35435961606,811226.0282461536,0.7999275455361073,0.0,0.8314132104454685,-0.025896256816706376,-0.10537190082644632
2014-06-30,1011418.4293331959,1.0114184293331958,1011418.4293331959,0.0,0.0,809572.519248603,0.83678955453149,-0.02849542439112218,-0.09958677685950412
2014-07-01,1011418.4293331959,1.0114184293331958,1011418.4293331959,0.0,0.0,0.0,0.837173579109063,-0.02849542439112218,-0.09917355371900816
2014-07-02,1011418.4293331959,1.0114184293331958,1011418.4293331959,0.0,0.0,0.0,0.8410138248847926,-0.02849542439112218,-0.0950413223140496
2014-07-03,1011418.4293331959,1.0114184293331958,1011418.4293331959,0.0,0.0,0.0,0.8440860215053763,-0.02849542439112218,-0.09173553719008265
2014-07-04,1011418.4293331959,1.0114184293331958,1011418.4293331959,0.0,0.0,0.0,0.8440860215053763,-0.02849542439112218,-0.09173553719008265
2014-07-07,1011418.4293331959,1.0114184293331958,1011418.4293331959,0.0,0.0,0.0,0.8433179723502304,-0.02849542439112218,-0.09256198347107425
2014-07-08,1011418.4293331959,1.0114184293331958,1011418.4293331959,0.0,0.0,0.0,0.8444700460829492,-0.02849542439112218,-0.0913223140495869
2014-07-09,1011418.4293331959,1.0114184293331958,1011418.4293331959,0.0,0.0,0.0,0.8337173579109062,-0.02849542439112218,-0.10289256198347119
2014-07-10,1011418.4293331959,1.0114184293331958,1011418.4293331959,0.0,0.0,0.0,0.8329493087557603,-0.02849542439112218,-0.10371900826446279
2014-07-11,1011418.4293331959,1.0114184293331958,1011418.4293331959,0.0,0.0,0.0,0.8352534562211981,-0.02849542439112218,-0.10123966942148765
2014-07-14,1011418.4293331959,1.0114184293331958,1011418.4293331959,0.0,0.0,0.0,0.8467741935483871,-0.02849542439112218,-0.08884297520661144
2014-07-15,1011418.4293331959,1.0114184293331958,1011418.4293331959,0.0,0.0,0.0,0.8456221198156681,-0.02849542439112218,-0.09008264462809912
2014-07-16,1011418.4293331959,1.0114184293331958,1011418.4293331959,0.0,0.0,0.0,0.8452380952380952,-0.02849542439112218,-0.09049586776859497
2014-07-17,1011418.4293331959,1.0114184293331958,1011418.4293331959,0.0,0.0,0.0,0.8417818740399385,-0.02849542439112218,-0.09421487603305778
2014-07-18,1011418.4293331959,1.0114184293331958,1011418.4293331959,0.0,0.0,0.0,0.8460061443932411,-0.02849542439112218,-0.08966942148760337
2014-07-21,1011418.4293331959,1.0114184293331958,1011418.4293331959,0.0,0.0,0.0,0.8456221198156681,-0.02849542439112218,-0.09008264462809912
2014-07-22,1011418.4293331959,1.0114184293331958,1011418.4293331959,0.0,0.0,0.0,0.8556067588325653,-0.02849542439112218,-0.07933884297520655
2014-07-23,1011418.4293331959,1.0114184293331958,1011418.4293331959,0.0,0.0,0.0,0.8571428571428572,-0.02849542439112218,-0.07768595041322301
2014-07-24,1011418.4293331959,1.0114184293331958,1011418.4293331959,0.0,0.0,0.0,0.8755760368663593,-0.02849542439112218,-0.05785123966942152
2014-07-25,1011418.4293331959,1.0114184293331958,1011418.4293331959,0.0,0.0,0.0,0.8855606758832565,-0.02849542439112218,-0.047107438016528946
2014-07-28,1011418.4293331959,1.0114184293331958,1011418.4293331959,0.0,0.0,0.0,0.9093701996927802,-0.02849542439112218,-0.02148760330578514
2014-07-29,1011418.4293331959,1.0114184293331958,1011418.4293331959,0.0,0.0,0.0,0.9116743471582182,-0.02849542439112218,-0.019008264462809787
2014-07-30,1011418.4293331959,1.0114184293331958,1011418.4293331959,0.0,0.0,0.0,0.9086021505376344,-0.02849542439112218,-0.022314049586776852
2014-07-31,1011418.4293331959,1.0114184293331958,1011418.4293331959,0.0,0.0,0.0,0.9208909370199693,-0.02849542439112218,-0.009090909090909038
2014-08-01,1011418.4293331959,1.0114184293331958,1011418.4293331959,0.0,0.0,0.0,0.9097542242703534,-0.02849542439112218,-0.021074380165289175
2014-08-04,1011418.4293331959,1.0114184293331958,1011418.4293331959,0.0,0.0,0.0,0.9293394777265744,-0.02849542439112218,0.0
2014-08-05,1011418.4293331959,1.0114184293331958,1011418.4293331959,0.0,0.0,0.0,0.9266513056835637,-0.02849542439112218,-0.002892561983471098
2014-08-06,1011418.4293331959,1.0114184293331958,1011418.4293331959,0.0,0.0,0.0,0.9208909370199693,-0.02849542439112218,-0.009090909090909038
2014-08-07,1011418.4293331959,1.0114184293331958,1011418.4293331959,0.0,0.0,0.0,0.9109062980030721,-0.02849542439112218,-0.01983471074380172
2014-08-08,1011418.4293331959,1.0114184293331958,1011418.4293331959,0.0,0.0,0.0,0.9112903225806452,-0.02849542439112218,-0.019421487603305643
2014-08-11,1011418.4293331959,1.0114184293331958,1011418.4293331959,0.0,0.0,0.0,0.923963133640553,-0.02849542439112218,-0.005785123966941974
2014-08-12,1011418.4293331959,1.0114184293331958,1011418.4293331959,0.0,0.0,0.0,0.9201228878648233,-0.02849542439112218,-0.009917355371900749
2014-08-13,1011418.4293331959,1.0114184293331958,1011418.4293331959,0.0,0.0,0.0,0.9228110599078341,-0.02849542439112218,-0.007024793388429762
2014-08-14,1011418.4293331959,1.0114184293331958,1011418.4293331959,0.0,0.0,0.0,0.9116743471582182,-0.02849542439112218,-0.019008264462809787
2014-08-15,1011418.4293331959,1.0114184293331958,1011418.4293331959,0.0,0.0,0.0,0.923195084485407,-0.02849542439112218,-0.006611570247933907
2014-08-18,1011418.4293331959,1.0114184293331958,1011418.4293331959,0.0,0.0,0.0,0.9262672811059908,-0.02849542439112218,-0.0033057851239668423
2014-08-19,1011418.4293331959,1.0114184293331958,1011418.4293331959,0.0,0.0,0.0,0.9270353302611367,-0.02849542439112218,-0.0024793388429751317
2014-08-20,1011418.4293331959,1.0114184293331958,1011418.4293331959,0.0,0.0,0.0,0.9235791090629799,-0.02849542439112218,-0.006198347107438051
2014-08-21,1011418.4293331959,1.0114184293331958,1011418.4293331959,0.0,0.0,0.0,0.9201228878648233,-0.02849542439112218,-0.009917355371900749
2014-08-22,1011418.4293331959,1.0114184293331958,1011418.4293331959,0.0,0.0,0.0,0.9247311827956989,-0.02849542439112218,-0.0049586776859503745
2014-08-25,1011418.4293331959,1.0114184293331958,1011418.4293331959,0.0,0.0,0.0,0.9166666666666666,-0.02849542439112218,-0.013636363636363558
2014-08-26,1011418.4293331959,1.0114184293331958,1011418.4293331959,0.0,0.0,0.0,0.9109062980030721,-0.02849542439112218,-0.01983471074380172
2014-08-27,1011418.4293331959,1.0114184293331958,1011418.4293331959,0.0,0.0,0.0,0.9105222734254992,-0.02849542439112218,-0.020247933884297464
2014-08-28,1011418.4293331959,1.0114184293331958,1011418.4293331959,0.0,0.0,0.0,0.9062980030721965,-0.02849542439112218,-0.024793388429752095
2014-08-29,1011418.4293331959,1.0114184293331958,1011418.4293331959,0.0,0.0,0.0,0.9151305683563747,-0.02849542439112218,-0.01528925619834709
2014-09-01,1011418.4293331959,1.0114184293331958,1011418.4293331959,0.0,0.0,0.0,0.9193548387096775,-0.02849542439112218,-0.01074380165289246
2014-09-02,1011418.4293331959,1.0114184293331958,1011418.4293331959,0.0,0.0,0.0,0.9331797235023042,-0.02849542439112218,0.0
2014-09-03,1011418.4293331959,1.0114184293331958,1011418.4293331959,0.0,0.0,0.0,0.9420122887864822,-0.02849542439112218,0.0
2014-09-04,1011418.4293331959,1.0114184293331958,1011418.4293331959,0.0,0.0,0.0,0.9508448540706604,-0.02849542439112218,0.0
2014-09-05,1011418.4293331959,1.0114184293331958,1011418.4293331959,0.0,0.0,0.0,0.9600614439324117,-0.02849542439112218,0.0
2014-09-09,1011418.4293331959,1.0114184293331958,1011418.4293331959,0.0,0.0,0.0,0.9577572964669739,-0.02849542439112218,-0.0023999999999999577
2014-09-10,1011418.4293331959,1.0114184293331958,1011418.4293331959,0.0,0.0,0.0,0.9516129032258065,-0.02849542439112218,-0.008799999999999919
2014-09-11,1011418.4293331959,1.0114184293331958,1011418.4293331959,0.0,0.0,0.0,0.9462365591397849,-0.02849542439112218,-0.01440000000000008
2014-09-12,1011418.4293331959,1.0114184293331958,1011418.4293331959,0.0,0.0,0.0,0.9539170506912442,-0.02849542439112218,-0.006399999999999961
2014-09-15,1011418.4293331959,1.0114184293331958,1011418.4293331959,0.0,0.0,0.0,0.9512288786482334,-0.02849542439112218,-0.009200000000000097
2014-09-16,1011418.4293331959,1.0114184293331958,1011418.4293331959,0.0,0.0,0.0,0.934715821812596,-0.02849542439112218,-0.02639999999999998
2014-09-17,1011418.4293331959,1.0114184293331958,1011418.4293331959,0.0,0.0,0.0,0.9377880184331797,-0.02849542439112218,-0.0232
2014-09-18,1011418.4293331959,1.0114184293331958,1011418.4293331959,0.0,0.0,0.0,0.9416282642089093,-0.02849542439112218,-0.019199999999999995
2014-09-19,1011418.4293331959,1.0114184293331958,1011418.4293331959,0.0,0.0,0.0,0.9493087557603687,-0.02849542439112218,-0.011199999999999988
2014-09-22,1011418.4293331959,1.0114184293331958,1011418.4293331959,0.0,0.0,0.0,0.9293394777265744,-0.02849542439112218,-0.03200000000000003
2014-09-23,1011418.4293331959,1.0114184293331958,1011418.4293331959,0.0,0.0,0.0,0.9389400921658986,-0.02849542439112218,-0.02200000000000002
2014-09-24,1011418.4293331959,1.0114184293331958,1011418.4293331959,0.0,0.0,0.0,0.9569892473118279,-0.02849542439112218,-0.0032000000000000917
2014-09-25,1011418.4293331959,1.0114184293331958,1011418.4293331959,0.0,0.0,0.0,0.9519969278033794,-0.02849542439112218,-0.008399999999999963
2014-09-26,1011418.4293331959,1.0114184293331958,1011418.4293331959,0.0,0.0,0.0,0.9523809523809523,-0.02849542439112218,-0.008000000000000007
2014-09-29,1011418.4293331959,1.0114184293331958,1011418.4293331959,0.0,0.0,0.0,0.956605222734255,-0.02849542439112218,-0.0036000000000000476
2014-09-30,1011418.4293331959,1.0114184293331958,1011418.4293331959,0.0,0.0,0.0,0.956605222734255,-0.02849542439112218,-0.0036000000000000476
2014-10-08,1011418.4293331959,1.0114184293331958,1011418.4293331959,0.0,0.0,0.0,0.9669738863287249,-0.02849542439112218,0.0
2014-10-09,1011418.4293331959,1.0114184293331958,1011418.4293331959,0.0,0.0,0.0,0.967357910906298,-0.02849542439112218,0.0
2014-10-10,1011418.4293331959,1.0114184293331958,1011418.4293331959,0.0,0.0,0.0,0.9627496159754224,-0.02849542439112218,-0.004763795156808248
2014-10-13,1011418.4293331959,1.0114184293331958,1011418.4293331959,0.0,0.0,0.0,0.9573732718894008,-0.02849542439112218,-0.010321556173084612
2014-10-14,1011418.4293331959,1.0114184293331958,1011418.4293331959,0.0,0.0,0.0,0.9539170506912442,-0.02849542439112218,-0.013894402540690742
2014-10-15,1011418.4293331959,1.0114184293331958,1011418.4293331959,0.0,0.0,0.0,0.9600614439324117,-0.02849542439112218,-0.007542675664946374
2014-10-16,1011418.4293331959,1.0114184293331958,1011418.4293331959,0.0,0.0,0.0,0.956605222734255,-0.02849542439112218,-0.011115522032552616
2014-10-17,1011418.4293331959,1.0114184293331958,1011418.4293331959,0.0,0.0,0.0,0.9523809523809523,-0.02849542439112218,-0.015482334259626862
2014-10-20,1011418.4293331959,1.0114184293331958,1011418.4293331959,0.0,0.0,0.0,0.956605222734255,-0.02849542439112218,-0.011115522032552616
2014-10-21,1011418.4293331959,1.0114184293331958,1011418.4293331959,0.0,0.0,0.0,0.9504608294930875,-0.02849542439112218,-0.017467248908296984
2014-10-22,1011418.4293331959,1.0114184293331958,1011418.4293331959,0.0,0.0,0.0,0.9450844854070659,-0.02849542439112218,-0.023025009924573347
2014-10-23,1011418.4293331959,1.0114184293331958,1011418.4293331959,0.0,0.0,0.0,0.935099846390169,-0.02849542439112218,-0.03334656609765774
2014-10-24,1011418.4293331959,1.0114184293331958,1011418.4293331959,0.0,0.0,0.0,0.9343317972350229,-0.02849542439112218,-0.034140531957125964
2014-10-27,1011418.4293331959,1.0114184293331958,1011418.4293331959,0.0,0.0,0.0,0.9254992319508448,-0.02849542439112218,-0.04327113934100835
2014-10-28,1011418.4293331959,1.0114184293331958,1011418.4293331959,0.0,0.0,0.0,0.9439324116743472,-0.02849542439112218,-0.024215958713775243
2014-10-29,1011418.4293331959,1.0114184293331958,1011418.4293331959,0.0,0.0,0.0,0.955837173579109,-0.02849542439112218,-0.01190948789202062
2014-10-30,1011418.4293331959,1.0114184293331958,1011418.4293331959,0.0,0.0,0.0,0.9615975422427036,-0.02849542439112218,-0.005954743946010255
2014-10-31,1011418.4293331959,1.0114184293331958,1011418.4293331959,0.0,0.0,0.0,0.9807987711213517,-0.02849542439112218,0.0
2014-11-03,1011418.4293331959,1.0114184293331958,1011418.4293331959,0.0,0.0,0.0,0.9788786482334869,-0.02849542439112218,-0.0019577133907595634
2014-11-04,1011418.4293331959,1.0114184293331958,1011418.4293331959,0.0,0.0,0.0,0.9781105990783411,-0.02849542439112218,-0.0027407987470633444
2014-11-05,1011418.4293331959,1.0114184293331958,1011418.4293331959,0.0,0.0,0.0,0.9769585253456221,-0.02849542439112218,-0.003915426781519127
2014-11-06,1011418.4293331959,1.0114184293331958,1011418.4293331959,0.0,0.0,0.0,0.977342549923195,-0.02849542439112218,-0.0035238841033672363
2014-11-07,1011418.4293331959,1.0114184293331958,1011418.4293331959,0.0,0.0,0.0,0.9754224270353302,-0.02849542439112218,-0.0054815974941268
2014-11-10,1011418.4293331959,1.0114184293331958,1011418.4293331959,0.0,0.0,0.0,1.0026881720430108,-0.02849542439112218,0.0
2014-11-11,1011418.4293331959,1.0114184293331958,1011418.4293331959,0.0,0.0,0.0,0.9961597542242703,-0.02849542439112218,-0.006510915358100444
2014-11-12,1011418.4293331959,1.0114184293331958,1011418.4293331959,0.0,0.0,0.0,1.010752688172043,-0.02849542439112218,0.0
2014-11-13,1011418.4293331959,1.0114184293331958,1011418.4293331959,0.0,0.0,0.0,1.0049923195084485,-0.02849542439112218,-0.005699088145896702
2014-11-14,1011418.4293331959,1.0114184293331958,1011418.4293331959,0.0,0.0,0.0,1.0061443932411673,-0.02849542439112218,-0.004559270516717451
2014-11-17,1011418.4293331959,1.0114184293331958,1011418.4293331959,0.0,0.0,0.0,1.0019201228878647,-0.02849542439112218,-0.008738601823708336
2014-11-18,1011418.4293331959,1.0114184293331958,1011418.4293331959,0.0,0.0,0.0,0.9911674347158218,-0.02849542439112218,-0.01937689969604861
2014-11-19,1011418.4293331959,1.0114184293331958,1011418.4293331959,0.0,0.0,0.0,0.988095238095238,-0.02849542439112218,-0.022416413373860244
2014-11-20,1011418.4293331959,1.0114184293331958,1011418.4293331959,0.0,0.0,0.0,0.9896313364055299,-0.02849542439112218,-0.020896656534954428
2014-11-21,1011418.4293331959,1.0114184293331958,1011418.4293331959,0.0,0.0,0.0,1.008448540706605,-0.02849542439112218,-0.0022796352583588364
2014-11-24,1011418.4293331959,1.0114184293331958,1011418.4293331959,0.0,0.0,0.0,1.0372503840245775,-0.02849542439112218,0.0
2014-11-25,1011418.4293331959,1.0114184293331958,1011418.4293331959,0.0,0.0,0.0,1.0480030721966205,-0.02849542439112218,0.0
2014-11-26,1011418.4293331959,1.0114184293331958,1011418.4293331959,0.0,0.0,0.0,1.0595238095238095,-0.02849542439112218,0.0
2014-11-27,1011418.4293331959,1.0114184293331958,1011418.4293331959,0.0,0.0,0.0,1.0691244239631335,-0.02849542439112218,0.0
2014-11-28,1011418.4293331959,1.0114184293331958,1011418.4293331959,0.0,0.0,0.0,1.0944700460829493,-0.02849542439112218,0.0
2014-12-01,1011418.4293331959,1.0114184293331958,1011418.4293331959,0.0,0.0,0.0,1.0956221198156681,-0.02849542439112218,0.0
2014-12-02,1011418.4293331959,1.0114184293331958,1011418.4293331959,0.0,0.0,0.0,1.1390168970814132,-0.02849542439112218,0.0
2014-12-03,1011418.4293331959,1.0114184293331958,1011418.4293331959,0.0,0.0,0.0,1.151305683563748,-0.02849542439112218,0.0
2014-12-04,1011418.4293331959,1.0114184293331958,1011418.4293331959,0.0,0.0,0.0,1.2211981566820276,-0.02849542439112218,0.0
2014-12-05,1011418.4293331959,1.0114184293331958,1011418.4293331959,0.0,0.0,0.0,1.2139016897081414,-0.02849542439112218,-0.005974842767295541
2014-12-08,1011418.4293331959,1.0114184293331958,1011418.4293331959,0.0,0.0,0.0,1.272273425499232,-0.02849542439112218,0.0
2014-12-09,1011418.4293331959,1.0114184293331958,1011418.4293331959,0.0,0.0,0.0,1.2019969278033793,-0.02849542439112218,-0.05523694536673729
2014-12-10,1011418.4293331959,1.0114184293331958,1011418.4293331959,0.0,0.0,0.0,1.2453917050691243,-0.02849542439112218,-0.021128886205855846
2014-12-11,1011418.4293331959,1.0114184293331958,1011418.4293331959,0.0,0.0,0.0,1.2319508448540706,-0.02849542439112218,-0.03169332930878377
2014-12-12,1011418.4293331959,1.0114184293331958,1011418.4293331959,0.0,0.0,0.0,1.2357910906298002,-0.02849542439112218,-0.028674916993661537
2014-12-15,1010771.3237210173,1.0107713237210174,202040.94544359914,808730.3782774182,0.8001121117090928,809134.7434665568,1.25,-0.029116993115698375,-0.017506791427709056
2014-12-16,996454.5652747725,0.9964545652747725,202040.94544359914,794413.6198311733,0.7972401828598313,0.0,1.2791858678955452,-0.04286876580940313,0.0
2014-12-17,998119.304628987,0.998119304628987,202040.94544359914,796078.3591853878,0.7975783611171611,0.0,1.3010752688172043,-0.04126972247292582,0.0
2014-12-18,1002114.6790791019,1.0021146790791018,202040.94544359914,800073.7336355028,0.7983854047230746,0.0,1.2995391705069124,-0.03743201846538036,-0.0011806375442738881
2014-12-19,1000449.9397248874,1.0004499397248874,202040.94544359914,798408.9942812882,0.7980499199198731,0.0,1.3187403993855606,-0.03903106180185756,0.0
2014-12-22,994692.7883468379,0.9946927883468378,994692.7883468379,0.0,0.0,793683.6316243503,1.3095238095238095,-0.04456101730201145,-0.006988934187536322
2014-12-23,994692.7883468379,0.9946927883468378,994692.7883468379,0.0,0.0,0.0,1.283026113671275,-0.04456101730201145,-0.02708211997670351
2014-12-24,994692.7883468379,0.9946927883468378,994692.7883468379,0.0,0.0,0.0,1.2473118279569892,-0.04456101730201145,-0.054164239953407134
2014-12-25,994692.7883468379,0.9946927883468378,994692.7883468379,0.0,0.0,0.0,1.292626728110599,-0.04456101730201145,-0.01980198019801982
2014-12-26,994692.7883468379,0.9946927883468378,994692.7883468379,0.0,0.0,0.0,1.3429339477726574,-0.04456101730201145,0.0
2014-12-29,994692.7883468379,0.9946927883468378,994692.7883468379,0.0,0.0,0.0,1.336405529953917,-0.04456101730201145,-0.00486130969402343
2014-12-30,994692.7883468379,0.9946927883468378,994692.7883468379,0.0,0.0,0.0,1.336405529953917,-0.04456101730201145,-0.00486130969402343
2014-12-31,994692.7883468379,0.9946927883468378,994692.7883468379,0.0,0.0,0.0,1.3725038402457757,-0.04456101730201145,0.0
2015-01-05,994692.7883468379,0.9946927883468378,994692.7883468379,0.0,0.0,0.0,1.4162826420890937,-0.04456101730201145,0.0
2015-01-06,994692.7883468379,0.9946927883468378,994692.7883468379,0.0,0.0,0.0,1.4066820276497696,-0.04456101730201145,-0.006778741865509752
2015-01-07,994692.7883468379,0.9946927883468378,994692.7883468379,0.0,0.0,0.0,1.4062980030721965,-0.04456101730201145,-0.007049891540130249
2015-01-08,994692.7883468379,0.9946927883468378,994692.7883468379,0.0,0.0,0.0,1.3755760368663594,-0.04456101730201145,-0.028741865509761433
2015-01-09,994692.7883468379,0.9946927883468378,994692.7883468379,0.0,0.0,0.0,1.3655913978494623,-0.04456101730201145,-0.03579175704989157
2015-01-12,994692.7883468379,0.9946927883468378,994692.7883468379,0.0,0.0,0.0,1.3613671274961596,-0.04456101730201145,-0.038774403470715924
2015-01-13,994692.7883468379,0.9946927883468378,994692.7883468379,0.0,0.0,0.0,1.3586789554531489,-0.04456101730201145,-0.04067245119305862
2015-01-14,994692.7883468379,0.9946927883468378,994692.7883468379,0.0,0.0,0.0,1.355606758832565,-0.04456101730201145,-0.04284164859002182
2015-01-15,994692.7883468379,0.9946927883468378,994692.7883468379,0.0,0.0,0.0,1.3940092165898617,-0.04456101730201145,-0.0157266811279827
2015-01-16,994692.7883468379,0.9946927883468378,994692.7883468379,0.0,0.0,0.0,1.4062980030721965,-0.04456101730201145,-0.007049891540130249
2015-01-19,999056.6607516975,0.9990566607516975,198699.8314001643,800356.8293515332,0.8011125502625035,795754.2306774703,1.2657450076804915,-0.04036935746495518,-0.10629067245119317
2015-01-20,998744.143442306,0.998744143442306,198699.8314001643,800044.3120421417,0.8010503163349538,0.0,1.2987711213517665,-0.040669541827060396,-0.08297180043383945
2015-01-21,1020307.8377903169,1.020307837790317,198699.8314001643,821608.0063901526,0.8052550181026846,0.0,1.358294930875576,-0.019956820841804723,-0.0409436008676789
2015-01-22,1001869.3165362206,1.0018693165362207,198699.8314001643,803169.4851360563,0.8016709084502832,0.0,1.3605990783410138,-0.03766769820600879,-0.039316702819956695
2015-01-23,1006244.5588677011,1.0062445588677011,198699.8314001643,807544.7274675368,0.8025332612742218,0.0,1.3671274961597542,-0.03346511713653666,-0.03470715835141003
2015-01-26,1007176.2616366437,1.0071762616366438,201369.10426999195,805807.1573666517,0.8000656767438395,2675.425009637256,1.3801843317972349,-0.03257018238264653,-0.025488069414316805
2015-01-27,1000012.1469789578,1.0000121469789578,201369.10426999195,798643.0427089658,0.7986333417265689,0.0,1.366359447004608,-0.03945157782520059,-0.03524945770065091
2015-01-28,1003749.9459307939,1.003749945930794,201369.10426999195,802380.8416608019,0.7993831978907265,0.0,1.3444700460829493,-0.0358612845508246,-0.050704989154013
2015-01-29,999389.1804869851,0.9993891804869851,201369.10426999195,798020.0762169932,0.7985078203749731,0.0,1.3302611367127495,-0.04004996003759653,-0.060737527114967604
2015-01-30,988798.7501234497,0.9887987501234498,201369.10426999195,787429.6458534577,0.7963497584874056,0.0,1.313748079877112,-0.05022245764832811,-0.07239696312364441
2015-02-02,1004403.9251532156,1.0044039251532157,198818.02796768077,805585.8971855349,0.8020537126660947,2550.311208948493,1.2841781874039937,-0.03523311347097313,-0.09327548806941444
2015-02-03,999404.1678394186,0.9994041678394187,198818.02796768077,800586.1398717379,0.8010634392314979,0.0,1.314516129032258,-0.04003556413473064,-0.07185466377440353
2015-02-04,992217.0167008357,0.9922170167008356,198818.02796768077,793398.988733155,0.799622436804441,0.0,1.2995391705069124,-0.046939086963881826,-0.08242950108459879
2015-02-05,995966.8346861834,0.9959668346861834,198818.02796768077,797148.8067185027,0.800376858903815,0.0,1.2841781874039937,-0.043337248966063724,-0.09327548806941444
2015-02-06,993154.4711971723,0.9931544711971723,198818.02796768077,794336.4432294916,0.7998115764126594,0.0,1.2649769585253456,-0.04603862746442766,-0.10683297180043383
2015-02-09,972385.9830412094,0.9723859830412094,972385.9830412094,0.0,0.0,774574.9024467093,1.2795698924731183,-0.06598752367477123,-0.09652928416485906
2015-02-10,972385.9830412094,0.9723859830412094,972385.9830412094,0.0,0.0,0.0,1.305299539170507,-0.06598752367477123,-0.07836225596529289
2015-02-11,972385.9830412094,0.9723859830412094,972385.9830412094,0.0,0.0,0.0,1.313748079877112,-0.06598752367477123,-0.07239696312364441
2015-02-12,972385.9830412094,0.9723859830412094,972385.9830412094,0.0,0.0,0.0,1.3191244239631337,-0.06598752367477123,-0.06860086767895879
2015-02-13,972385.9830412094,0.9723859830412094,972385.9830412094,0.0,0.0,0.0,1.3275729646697387,-0.06598752367477123,-0.0626355748373103
2015-02-16,972385.9830412094,0.9723859830412094,972385.9830412094,0.0,0.0,0.0,1.338709677419355,-0.06598752367477123,-0.05477223427331879
2015-02-17,972385.9830412094,0.9723859830412094,972385.9830412094,0.0,0.0,0.0,1.3506144393241166,-0.06598752367477123,-0.04636659436008683
2015-02-25,972385.9830412094,0.9723859830412094,972385.9830412094,0.0,0.0,0.0,1.3298771121351767,-0.06598752367477123,-0.06100867678958788
2015-02-26,972385.9830412094,0.9723859830412094,972385.9830412094,0.0,0.0,0.0,1.3694316436251919,-0.06598752367477123,-0.033080260303687714
2015-02-27,972385.9830412094,0.9723859830412094,972385.9830412094,0.0,0.0,0.0,1.3667434715821813,-0.06598752367477123,-0.0349783080260303
2015-03-02,972385.9830412094,0.9723859830412094,972385.9830412094,0.0,0.0,0.0,1.3774961597542243,-0.06598752367477123,-0.027386117136659394
2015-03-03,972385.9830412094,0.9723859830412094,972385.9830412094,0.0,0.0,0.0,1.3398617511520736,-0.06598752367477123,-0.05395878524945774
2015-03-04,972385.9830412094,0.9723859830412094,972385.9830412094,0.0,0.0,0.0,1.3509984639016897,-0.06598752367477123,-0.04609544468546645
2015-03-05,972385.9830412094,0.9723859830412094,972385.9830412094,0.0,0.0,0.0,1.3394777265745008,-0.06598752367477123,-0.054229934924078016
2015-03-06,972385.9830412094,0.9723859830412094,972385.9830412094,0.0,0.0,0.0,1.3310291858678955,-0.06598752367477123,-0.06019522776572672
2015-03-09,972385.9830412094,0.9723859830412094,972385.9830412094,0.0,0.0,0.0,1.357142857142857,-0.06598752367477123,-0.04175704989154028
2015-03-10,972385.9830412094,0.9723859830412094,972385.9830412094,0.0,0.0,0.0,1.3475422427035328,-0.06598752367477123,-0.04853579175705003
2015-03-11,972385.9830412094,0.9723859830412094,972385.9830412094,0.0,0.0,0.0,1.3494623655913978,-0.06598752367477123,-0.04718004338394799
2015-03-12,972385.9830412094,0.9723859830412094,972385.9830412094,0.0,0.0,0.0,1.3740399385560675,-0.06598752367477123,-0.029826464208242975
2015-03-13,972385.9830412094,0.9723859830412094,972385.9830412094,0.0,0.0,0.0,1.3817204301075268,-0.06598752367477123,-0.024403470715835263
2015-03-16,972385.9830412094,0.9723859830412094,972385.9830412094,0.0,0.0,0.0,1.4158986175115207,-0.06598752367477123,-0.00027114967462038564
2015-03-17,972385.9830412094,0.9723859830412094,972385.9830412094,0.0,0.0,0.0,1.43394777265745,-0.06598752367477123,0.0
2015-03-18,972385.9830412094,0.9723859830412094,972385.9830412094,0.0,0.0,0.0,1.4719662058371736,-0.06598752367477123,0.0
2015-03-19,972385.9830412094,0.9723859830412094,972385.9830412094,0.0,0.0,0.0,1.4642857142857142,-0.06598752367477123,-0.005217845030002666
2015-03-20,972385.9830412094,0.9723859830412094,972385.9830412094,0.0,0.0,0.0,1.4850230414746544,-0.06598752367477123,0.0
2015-03-23,972385.9830412094,0.9723859830412094,972385.9830412094,0.0,0.0,0.0,1.5149769585253454,-0.06598752367477123,0.0
2015-03-24,972385.9830412094,0.9723859830412094,972385.9830412094,0.0,0.0,0.0,1.5134408602150538,-0.06598752367477123,-0.0010139416983522276
2015-03-25,972385.9830412094,0.9723859830412094,972385.9830412094,0.0,0.0,0.0,1.5042242703533024,-0.06598752367477123,-0.00709759188846637
2015-03-26,972385.9830412094,0.9723859830412094,972385.9830412094,0.0,0.0,0.0,1.5053763440860215,-0.06598752367477123,-0.006337135614702061
2015-03-27,972385.9830412094,0.9723859830412094,972385.9830412094,0.0,0.0,0.0,1.5168970814132106,-0.06598752367477123,0.0
2015-03-30,972385.9830412094,0.9723859830412094,972385.9830412094,0.0,0.0,0.0,1.5652841781874038,-0.06598752367477123,0.0
2015-03-31,972385.9830412094,0.9723859830412094,972385.9830412094,0.0,0.0,0.0,1.5480030721966205,-0.06598752367477123,-0.011040235525024533
2015-04-01,972385.9830412094,0.9723859830412094,972385.9830412094,0.0,0.0,0.0,1.5733486943164363,-0.06598752367477123,0.0
2015-04-02,972385.9830412094,0.9723859830412094,972385.9830412094,0.0,0.0,0.0,1.5710445468509986,-0.06598752367477123,-0.0014644862094215227
2015-04-03,972385.9830412094,0.9723859830412094,972385.9830412094,0.0,0.0,0.0,1.596390168970814,-0.06598752367477123,0.0
2015-04-07,972385.9830412094,0.9723859830412094,972385.9830412094,0.0,0.0,0.0,1.6244239631336406,-0.06598752367477123,0.0
2015-04-08,972385.9830412094,0.9723859830412094,972385.9830412094,0.0,0.0,0.0,1.6374807987711213,-0.06598752367477123,0.0
2015-04-09,972385.9830412094,0.9723859830412094,972385.9830412094,0.0,0.0,0.0,1.6255760368663592,-0.06598752367477123,-0.007270168855534775
2015-04-10,972385.9830412094,0.9723859830412094,972385.9830412094,0.0,0.0,0.0,1.6635944700460827,-0.06598752367477123,0.0
2015-04-13,972385.9830412094,0.9723859830412094,972385.9830412094,0.0,0.0,0.0,1.6912442396313363,-0.06598752367477123,0.0
2015-04-14,972385.9830412094,0.9723859830412094,972385.9830412094,0.0,0.0,0.0,1.6920122887864821,-0.06598752367477123,0.0
2015-04-15,972385.9830412094,0.9723859830412094,972385.9830412094,0.0,0.0,0.0,1.6778033794162825,-0.06598752367477123,-0.008397639582387595
2015-04-16,972385.9830412094,0.9723859830412094,972385.9830412094,0.0,0.0,0.0,1.7327188940092164,-0.06598752367477123,0.0
2015-04-17,972385.9830412094,0.9723859830412094,972385.9830412094,0.0,0.0,0.0,1.7626728110599077,-0.06598752367477123,0.0
2015-04-20,972385.9830412094,0.9723859830412094,972385.9830412094,0.0,0.0,0.0,1.7242703533026114,-0.06598752367477123,-0.02178649237472763
2015-04-21,972385.9830412094,0.9723859830412094,972385.9830412094,0.0,0.0,0.0,1.760752688172043,-0.06598752367477123,-0.0010893246187363426
2015-04-22,972385.9830412094,0.9723859830412094,972385.9830412094,0.0,0.0,0.0,1.8087557603686635,-0.06598752367477123,0.0
2015-04-23,972385.9830412094,0.9723859830412094,972385.9830412094,0.0,0.0,0.0,1.8068356374807988,-0.06598752367477123,-0.0010615711252652815
2015-04-24,972385.9830412094,0.9723859830412094,972385.9830412094,0.0,0.0,0.0,1.8003072196620582,-0.06598752367477123,-0.004670912951167727
2015-04-27,972385.9830412094,0.9723859830412094,972385.9830412094,0.0,0.0,0.0,1.837557603686636,-0.06598752367477123,0.0
2015-04-28,972385.9830412094,0.9723859830412094,972385.9830412094,0.0,0.0,0.0,1.813748079877112,-0.06598752367477123,-0.012957157784744044
2015-04-29,972385.9830412094,0.9723859830412094,972385.9830412094,0.0,0.0,0.0,1.8237327188940091,-0.06598752367477123,-0.007523510971786829
2015-04-30,972385.9830412094,0.9723859830412094,972385.9830412094,0.0,0.0,0.0,1.8198924731182795,-0.06598752367477123,-0.009613375130616553
2015-05-04,972385.9830412094,0.9723859830412094,972385.9830412094,0.0,0.0,0.0,1.8298771121351765,-0.06598752367477123,-0.004179728317659448
2015-05-05,972385.9830412094,0.9723859830412094,972385.9830412094,0.0,0.0,0.0,1.7603686635944698,-0.06598752367477123,-0.042006269592476664
2015-05-06,972385.9830412094,0.9723859830412094,972385.9830412094,0.0,0.0,0.0,1.7419354838709675,-0.06598752367477123,-0.05203761755485903
2015-05-07,972385.9830412094,0.9723859830412094,972385.9830412094,0.0,0.0,0.0,1.7115975422427034,-0.06598752367477123,-0.06854754440961341
2015-05-08,972385.9830412094,0.9723859830412094,972385.9830412094,0.0,0.0,0.0,1.738095238095238,-0.06598752367477123,-0.05412748171368864
2015-05-11,972385.9830412094,0.9723859830412094,972385.9830412094,0.0,0.0,0.0,1.7953149001536097,-0.06598752367477123,-0.02298850574712652
2015-05-12,972385.9830412094,0.9723859830412094,972385.9830412094,0.0,0.0,0.0,1.81605222734255,-0.06598752367477123,-0.011703239289446166
2015-05-13,972385.9830412094,0.9723859830412094,972385.9830412094,0.0,0.0,0.0,1.7991551459293393,-0.06598752367477123,-0.020898641588296796
2015-05-14,972385.9830412094,0.9723859830412094,972385.9830412094,0.0,0.0,0.0,1.794930875576037,-0.06598752367477123,-0.02319749216300937
2015-05-15,972385.9830412094,0.9723859830412094,972385.9830412094,0.0,0.0,0.0,1.7619047619047619,-0.06598752367477123,-0.0411703239289446
2015-05-18,972385.9830412094,0.9723859830412094,972385.9830412094,0.0,0.0,0.0,1.7488479262672811,-0.06598752367477123,-0.0482758620689655
2015-05-19,972385.9830412094,0.9723859830412094,972385.9830412094,0.0,0.0,0.0,1.8091397849462365,-0.06598752367477123,-0.01546499477533958
2015-05-20,972385.9830412094,0.9723859830412094,972385.9830412094,0.0,0.0,0.0,1.8175883256528416,-0.06598752367477123,-0.010867293625914431
2015-05-21,972385.9830412094,0.9723859830412094,972385.9830412094,0.0,0.0,0.0,1.8548387096774193,-0.06598752367477123,0.0
2015-05-22,972385.9830412094,0.9723859830412094,972385.9830412094,0.0,0.0,0.0,1.8947772657450077,-0.06598752367477123,0.0
2015-05-25,972385.9830412094,0.9723859830412094,972385.9830412094,0.0,0.0,0.0,1.95468509984639,-0.06598752367477123,0.0
2015-05-26,972385.9830412094,0.9723859830412094,972385.9830412094,0.0,0.0,0.0,1.9834869431643625,-0.06598752367477123,0.0
2015-05-27,972385.9830412094,0.9723859830412094,972385.9830412094,0.0,0.0,0.0,1.9834869431643625,-0.06598752367477123,0.0
2015-05-28,972385.9830412094,0.9723859830412094,972385.9830412094,0.0,0.0,0.0,1.849078341013825,-0.06598752367477123,-0.06776379477250716
2015-05-29,972385.9830412094,0.9723859830412094,972385.9830412094,0.0,0.0,0.0,1.8502304147465436,-0.06598752367477123,-0.06718296224588582
2015-06-01,972385.9830412094,0.9723859830412094,972385.9830412094,0.0,0.0,0.0,1.9470046082949308,-0.06598752367477123,-0.01839303000968051
2015-06-02,972385.9830412094,0.9723859830412094,972385.9830412094,0.0,0.0,0.0,1.9800307219662057,-0.06598752367477123,-0.0017424975798645548
2015-06-03,972385.9830412094,0.9723859830412094,972385.9830412094,0.0,0.0,0.0,1.9635176651305684,-0.06598752367477123,-0.010067763794772477
2015-06-04,972385.9830412094,0.9723859830412094,972385.9830412094,0.0,0.0,0.0,1.9857910906298004,-0.06598752367477123,0.0
2015-06-05,972385.9830412094,0.9723859830412094,972385.9830412094,0.0,0.0,0.0,1.988863287250384,-0.06598752367477123,0.0
2015-06-08,972385.9830412094,0.9723859830412094,972385.9830412094,0.0,0.0,0.0,2.0376344086021505,-0.06598752367477123,0.0
2015-06-09,972385.9830412094,0.9723859830412094,972385.9830412094,0.0,0.0,0.0,2.0211213517665128,-0.06598752367477123,-0.008104033169996416
2015-06-10,972385.9830412094,0.9723859830412094,972385.9830412094,0.0,0.0,0.0,2.0192012288786483,-0.06598752367477123,-0.009046362608367886
2015-06-11,972385.9830412094,0.9723859830412094,972385.9830412094,0.0,0.0,0.0,2.019585253456221,-0.06598752367477123,-0.008857896720693592
2015-06-12,972385.9830412094,0.9723859830412094,972385.9830412094,0.0,0.0,0.0,2.0345622119815667,-0.06598752367477123,-0.0015077271013946847
2015-06-15,972385.9830412094,0.9723859830412094,972385.9830412094,0.0,0.0,0.0,1.9857910906298004,-0.06598752367477123,-0.02544289483603457
2015-06-16,972385.9830412094,0.9723859830412094,972385.9830412094,0.0,0.0,0.0,1.933563748079877,-0.06598752367477123,-0.05107425555974365
2015-06-17,972385.9830412094,0.9723859830412094,972385.9830412094,0.0,0.0,0.0,1.9623655913978495,-0.06598752367477123,-0.03693931398416883
2015-06-18,972385.9830412094,0.9723859830412094,972385.9830412094,0.0,0.0,0.0,1.8851766513056833,-0.06598752367477123,-0.07482095740670947
2015-06-19,972385.9830412094,0.9723859830412094,972385.9830412094,0.0,0.0,0.0,1.7676651305683562,-0.06598752367477123,-0.13249151903505474
2015-06-23,972385.9830412094,0.9723859830412094,972385.9830412094,0.0,0.0,0.0,1.8302611367127495,-0.06598752367477123,-0.10177157934413872
2015-06-24,972385.9830412094,0.9723859830412094,972385.9830412094,0.0,0.0,0.0,1.870583717357911,-0.06598752367477123,-0.08198266113833397
2015-06-25,972385.9830412094,0.9723859830412094,972385.9830412094,0.0,0.0,0.0,1.803379416282642,-0.06598752367477123,-0.11496419148134196
2015-06-26,972385.9830412094,0.9723859830412094,972385.9830412094,0.0,0.0,0.0,1.6689708141321045,-0.06598752367477123,-0.18092725216735772
2015-06-29,972385.9830412094,0.9723859830412094,972385.9830412094,0.0,0.0,0.0,1.6059907834101383,-0.06598752367477123,-0.21183565774594793
2015-06-30,972385.9830412094,0.9723859830412094,972385.9830412094,0.0,0.0,0.0,1.7219662058371734,-0.06598752367477123,-0.15491895966830016
2015-07-01,972385.9830412094,0.9723859830412094,972385.9830412094,0.0,0.0,0.0,1.6117511520737327,-0.06598752367477123,-0.20900866943083307
2015-07-02,972385.9830412094,0.9723859830412094,972385.9830412094,0.0,0.0,0.0,1.5775729646697387,-0.06598752367477123,-0.22578213343384856
2015-07-03,972385.9830412094,0.9723859830412094,972385.9830412094,0.0,0.0,0.0,1.5049923195084485,-0.06598752367477123,-0.261402186204297
2015-07-06,972385.9830412094,0.9723859830412094,972385.9830412094,0.0,0.0,0.0,1.545698924731183,-0.06598752367477123,-0.24142480211081785
2015-07-07,972385.9830412094,0.9723859830412094,972385.9830412094,0.0,0.0,0.0,1.477726574500768,-0.06598752367477123,-0.27478326422917454
2015-07-08,972385.9830412094,0.9723859830412094,972385.9830412094,0.0,0.0,0.0,1.3298771121351767,-0.06598752367477123,-0.3473426309837919
2015-07-09,972385.9830412094,0.9723859830412094,972385.9830412094,0.0,0.0,0.0,1.4627496159754225,-0.06598752367477123,-0.28213343384847334
2015-07-10,972385.9830412094,0.9723859830412094,972385.9830412094,0.0,0.0,0.0,1.6086789554531489,-0.06598752367477123,-0.21051639653222776
2015-07-13,972385.9830412094,0.9723859830412094,972385.9830412094,0.0,0.0,0.0,1.6259600614439325,-0.06598752367477123,-0.20203543158688275
2015-07-14,972385.9830412094,0.9723859830412094,972385.9830412094,0.0,0.0,0.0,1.5952380952380951,-0.06598752367477123,-0.21711270260082927
2015-07-15,972385.9830412094,0.9723859830412094,972385.9830412094,0.0,0.0,0.0,1.5149769585253454,-0.06598752367477123,-0.2565020731247645
2015-07-16,972385.9830412094,0.9723859830412094,972385.9830412094,0.0,0.0,0.0,1.5499231950844852,-0.06598752367477123,-0.2393516773464004
2015-07-17,972385.9830412094,0.9723859830412094,972385.9830412094,0.0,0.0,0.0,1.6129032258064517,-0.06598752367477123,-0.20844327176780997
2015-07-20,972385.9830412094,0.9723859830412094,972385.9830412094,0.0,0.0,0.0,1.6082949308755758,-0.06598752367477123,-0.21070486241990205
2015-07-21,972385.9830412094,0.9723859830412094,972385.9830412094,0.0,0.0,0.0,1.6182795698924732,-0.06598752367477123,-0.2058047493403693
2015-07-22,972385.9830412094,0.9723859830412094,972385.9830412094,0.0,0.0,0.0,1.6105990783410138,-0.06598752367477123,-0.20957406709385606
2015-07-23,972385.9830412094,0.9723859830412094,972385.9830412094,0.0,0.0,0.0,1.6543778801843316,-0.06598752367477123,-0.18808895589898234
2015-07-24,972385.9830412094,0.9723859830412094,972385.9830412094,0.0,0.0,0.0,1.619815668202765,-0.06598752367477123,-0.20505088578967212
2015-07-27,972385.9830412094,0.9723859830412094,972385.9830412094,0.0,0.0,0.0,1.4604454685099846,-0.06598752367477123,-0.28326422917451943
2015-07-28,972385.9830412094,0.9723859830412094,972385.9830412094,0.0,0.0,0.0,1.477342549923195,-0.06598752367477123,-0.27497173011684894
2015-07-29,972385.9830412094,0.9723859830412094,972385.9830412094,0.0,0.0,0.0,1.531490015360983,-0.06598752367477123,-0.24839803995476828
2015-07-30,972385.9830412094,0.9723859830412094,972385.9830412094,0.0,0.0,0.0,1.4788786482334868,-0.06598752367477123,-0.27421786656615155
2015-07-31,972385.9830412094,0.9723859830412094,972385.9830412094,0.0,0.0,0.0,1.4788786482334868,-0.06598752367477123,-0.27421786656615155
2015-08-03,972385.9830412094,0.9723859830412094,972385.9830412094,0.0,0.0,0.0,1.4792626728110598,-0.06598752367477123,-0.27402940067847725
2015-08-04,972385.9830412094,0.9723859830412094,972385.9830412094,0.0,0.0,0.0,1.5380184331797233,-0.06598752367477123,-0.24519411986430462
2015-08-05,972385.9830412094,0.9723859830412094,972385.9830412094,0.0,0.0,0.0,1.5038402457757296,-0.06598752367477123,-0.26196758386732
2015-08-06,972385.9830412094,0.9723859830412094,972385.9830412094,0.0,0.0,0.0,1.4873271889400923,-0.06598752367477123,-0.2700716170373162
2015-08-07,972385.9830412094,0.9723859830412094,972385.9830412094,0.0,0.0,0.0,1.5180491551459292,-0.06598752367477123,-0.2549943460233698
2015-08-10,972385.9830412094,0.9723859830412094,972385.9830412094,0.0,0.0,0.0,1.5929339477726572,-0.06598752367477123,-0.21824349792687536
2015-08-11,972385.9830412094,0.9723859830412094,972385.9830412094,0.0,0.0,0.0,1.5741167434715821,-0.06598752367477123,-0.22747832642291743
2015-08-12,972385.9830412094,0.9723859830412094,972385.9830412094,0.0,0.0,0.0,1.5579877112135179,-0.06598752367477123,-0.23539389370523922
2015-08-13,972385.9830412094,0.9723859830412094,972385.9830412094,0.0,0.0,0.0,1.5791090629800306,-0.06598752367477123,-0.22502826988315117
2015-08-14,972385.9830412094,0.9723859830412094,972385.9830412094,0.0,0.0,0.0,1.5752688172043012,-0.06598752367477123,-0.22691292875989433
2015-08-17,974142.6266966757,0.9741426266966756,194243.82397231204,779898.8027243636,0.8006002215189021,777908.7864329675,1.5779569892473118,-0.06430020287904004,-0.22559366754617416
2015-08-18,977201.0533740261,0.9772010533740261,194243.82397231204,782957.229401714,0.8012242994400818,0.0,1.4696620583717357,-0.06136247164433317,-0.2787410478703355
2015-08-19,977201.0533740261,0.9772010533740261,194243.82397231204,782957.229401714,0.8012242994400818,0.0,1.5034562211981566,-0.06136247164433317,-0.2621560497549944
2015-08-20,991473.7112016616,0.9914737112016616,194243.82397231204,797229.8872293496,0.8040857545916277,0.0,1.4650537634408602,-0.0476530592157014,-0.28100263852242746
2015-08-21,1008464.9705202751,1.008464970520275,194243.82397231204,814221.146547963,0.807386642421402,0.0,1.392089093701997,-0.031332330133997055,-0.3168111571805503
2015-08-24,1003041.4815772045,1.0030414815772046,201204.68390560502,801836.7976715995,0.799405420811484,6976.903322482948,1.2530721966205836,-0.03654179060173923,-0.38503580851865815
2015-08-25,997650.9820970594,0.9976509820970594,201204.68390560502,796446.2981914544,0.7983215698513388,0.0,1.1455453149001535,-0.04171956347782857,-0.4378062570674708
2015-08-26,988554.5142243145,0.9885545142243145,201204.68390560502,787349.8303187095,0.7964657679364465,0.0,1.1778033794162828,-0.05045705520622934,-0.42197512250282687
2015-08-27,979121.1401340603,0.9791211401340603,201204.68390560502,777916.4562284553,0.7945048108367303,0.0,1.2507680491551458,-0.059518157739385846,-0.38616660384470414
2015-08-28,983164.0147441692,0.9831640147441691,201204.68390560502,781959.3308385642,0.7953498288299732,0.0,1.3064516129032258,-0.05563482808231879,-0.3588390501319262
2015-08-31,983102.1962434513,0.9831021962434513,983102.1962434513,0.0,0.0,782915.3022307463,1.303763440860215,-0.05569420702436978,-0.36015831134564646
2015-09-01,983102.1962434513,0.9831021962434513,983102.1962434513,0.0,0.0,0.0,1.2987711213517665,-0.05569420702436978,-0.36260836788541273
2015-09-02,983102.1962434513,0.9831021962434513,983102.1962434513,0.0,0.0,0.0,1.2949308755760367,-0.05569420702436978,-0.3644930267621561
2015-09-07,977037.8489321101,0.9770378489321101,196384.49472159182,780653.3542105183,0.7990001155674393,786481.7569947611,1.2630568356374807,-0.06151923550930016,-0.3801356954391255
2015-09-08,975294.081674478,0.9752940816744781,975294.081674478,0.0,0.0,779923.4874866188,1.2972350230414746,-0.06319418805164534,-0.36336223143611
2015-09-09,975294.081674478,0.9752940816744781,975294.081674478,0.0,0.0,0.0,1.3218125960061444,-0.06319418805164534,-0.3513004146249529
2015-09-10,975294.081674478,0.9752940816744781,975294.081674478,0.0,0.0,0.0,1.2983870967741935,-0.06319418805164534,-0.36279683377308714
2015-09-11,975294.081674478,0.9752940816744781,975294.081674478,0.0,0.0,0.0,1.3010752688172043,-0.06319418805164534,-0.36147757255936674
2015-09-14,975294.081674478,0.9752940816744781,975294.081674478,0.0,0.0,0.0,1.2553763440860215,-0.06319418805164534,-0.38390501319261217
2015-09-15,975294.081674478,0.9752940816744781,975294.081674478,0.0,0.0,0.0,1.2185099846390168,-0.06319418805164534,-0.40199773840934794
2015-09-16,975294.081674478,0.9752940816744781,975294.081674478,0.0,0.0,0.0,1.284562211981567,-0.06319418805164534,-0.36958160572936294
2015-09-17,975294.081674478,0.9752940816744781,975294.081674478,0.0,0.0,0.0,1.259600614439324,-0.06319418805164534,-0.3818318884281946
2015-09-18,975294.081674478,0.9752940816744781,975294.081674478,0.0,0.0,0.0,1.2592165898617511,-0.06319418805164534,-0.3820203543158688
2015-09-21,975294.081674478,0.9752940816744781,975294.081674478,0.0,0.0,0.0,1.282258064516129,-0.06319418805164534,-0.3707124010554089
2015-09-22,975294.081674478,0.9752940816744781,975294.081674478,0.0,0.0,0.0,1.2922427035330262,-0.06319418805164534,-0.3658122879758763
2015-09-23,975294.081674478,0.9752940816744781,975294.081674478,0.0,0.0,0.0,1.262288786482335,-0.06319418805164534,-0.3805126272144742
2015-09-24,975294.081674478,0.9752940816744781,975294.081674478,0.0,0.0,0.0,1.273041474654378,-0.06319418805164534,-0.37523558235959287
2015-09-25,975294.081674478,0.9752940816744781,975294.081674478,0.0,0.0,0.0,1.2453917050691243,-0.06319418805164534,-0.3888051262721448
2015-09-28,965107.5028263413,0.9651075028263413,194824.74575529352,770282.7570710478,0.7981315602824096,780235.2653395826,1.2526881720430108,-0.07297877143845388,-0.38522427440633245
2015-09-29,954225.939905389,0.954225939905389,194824.74575529352,759401.1941500955,0.7958295434992992,0.0,1.2284946236559138,-0.08343091257103197,-0.3970976253298154
2015-09-30,947593.0952790778,0.9475930952790778,947593.0952790778,0.0,0.0,753748.2222126607,1.2369431643625193,-0.08980200362185686,-0.39295137580097994
2015-10-08,947593.0952790778,0.9475930952790778,947593.0952790778,0.0,0.0,0.0,1.2814900153609832,-0.08980200362185686,-0.3710893328307576
2015-10-09,947593.0952790778,0.9475930952790778,947593.0952790778,0.0,0.0,0.0,1.2976190476190477,-0.08980200362185686,-0.3631737655484357
2015-10-12,947593.0952790778,0.9475930952790778,947593.0952790778,0.0,0.0,0.0,1.3517665130568357,-0.08980200362185686,-0.33660007538635506
2015-10-13,947593.0952790778,0.9475930952790778,947593.0952790778,0.0,0.0,0.0,1.3421658986175116,-0.08980200362185686,-0.3413117225782133
2015-10-14,947593.0952790778,0.9475930952790778,947593.0952790778,0.0,0.0,0.0,1.3275729646697387,-0.08980200362185686,-0.348473426309838
2015-10-15,947593.0952790778,0.9475930952790778,947593.0952790778,0.0,0.0,0.0,1.3617511520737327,-0.08980200362185686,-0.3316999623068225
2015-10-16,947593.0952790778,0.9475930952790778,947593.0952790778,0.0,0.0,0.0,1.380568356374808,-0.08980200362185686,-0.32246513381078024
2015-10-19,947304.5172093897,0.9473045172093897,189291.1967129485,758013.3204964412,0.8001791469647261,758074.4762232623,1.3782642089093702,-0.09007919346435078,-0.3235959291368262
2015-10-20,947304.5172093897,0.9473045172093897,189291.1967129485,758013.3204964412,0.8001791469647261,0.0,1.3963133640552996,-0.09007919346435078,-0.31473803241613263
2015-10-21,949210.6697336892,0.9492106697336892,189291.1967129485,759919.4730207407,0.8005804161829996,0.0,1.3544546850998465,-0.08824826390497331,-0.33528081417263467
2015-10-22,945716.0567724734,0.9457160567724734,189291.1967129485,756424.8600595249,0.7998435203067622,0.0,1.3717357910906298,-0.09160496809716556,-0.3267998492272899
2015-10-23,949210.6697336892,0.9492106697336892,189291.1967129485,759919.4730207407,0.8005804161829996,0.0,1.3959293394777263,-0.08824826390497331,-0.31492649830380715
2015-10-26,944764.752890686,0.9447647528906861,189777.71801633484,754987.0348743512,0.7991270129038217,487.64263763139024,1.3982334869431643,-0.09251873044037318,-0.31379570297776105
2015-10-27,945717.2176108806,0.9457172176108806,189777.71801633484,755939.4995945458,0.7993293190793744,0.0,1.3990015360983101,-0.09160385306920926,-0.31341877120241246
2015-10-28,950162.0529717895,0.9501620529717895,189777.71801633484,760384.3349554547,0.8002680517257309,0.0,1.3744239631336406,-0.08733442533711033,-0.3254805880135695
2015-10-29,944447.264650621,0.944447264650621,189777.71801633484,754669.5466342862,0.7990594868348322,0.0,1.3763440860215053,-0.09282368956409459,-0.3245382585751979
2015-10-30,933652.6644884142,0.9336526644884142,189777.71801633484,743874.9464720794,0.7967362754538685,0.0,1.3767281105990783,-0.10319229977062017,-0.3243497926875236
2015-11-02,927877.3355570778,0.9278773355570777,927877.3355570778,0.0,0.0,739060.3960556153,1.3536866359447004,-0.108739715478814,-0.3356577459479835
2015-11-03,927877.3355570778,0.9278773355570777,927877.3355570778,0.0,0.0,0.0,1.3433179723502304,-0.108739715478814,-0.3407463249151903
2015-11-04,927877.3355570778,0.9278773355570777,927877.3355570778,0.0,0.0,0.0,1.423963133640553,-0.108739715478814,-0.3011684885035809
2015-11-05,927877.3355570778,0.9278773355570777,927877.3355570778,0.0,0.0,0.0,1.4466205837173578,-0.108739715478814,-0.29004900113079535
2015-11-06,927877.3355570778,0.9278773355570777,927877.3355570778,0.0,0.0,0.0,1.4811827956989247,-0.108739715478814,-0.27308707124010556
2015-11-09,927877.3355570778,0.9278773355570777,927877.3355570778,0.0,0.0,0.0,1.4965437788018432,-0.108739715478814,-0.26554843573313236
2015-11-10,927877.3355570778,0.9278773355570777,927877.3355570778,0.0,0.0,0.0,1.4923195084485408,-0.108739715478814,-0.2676215604975499
2015-11-11,927877.3355570778,0.9278773355570777,927877.3355570778,0.0,0.0,0.0,1.4903993855606756,-0.108739715478814,-0.26856388993592173
2015-11-12,927877.3355570778,0.9278773355570777,927877.3355570778,0.0,0.0,0.0,1.4750384024577574,-0.108739715478814,-0.2761025254428948
2015-11-13,927877.3355570778,0.9278773355570777,927877.3355570778,0.0,0.0,0.0,1.4608294930875574,-0.108739715478814,-0.28307576328684514
2015-11-16,927877.3355570778,0.9278773355570777,927877.3355570778,0.0,0.0,0.0,1.4692780337941629,-0.108739715478814,-0.2789295137580098
2015-11-17,927877.3355570778,0.9278773355570777,927877.3355570778,0.0,0.0,0.0,1.4639016897081412,-0.108739715478814,-0.28156803618545045
2015-11-18,927877.3355570778,0.9278773355570777,927877.3355570778,0.0,0.0,0.0,1.4512288786482335,-0.108739715478814,-0.2877874104787034
2015-11-19,927877.3355570778,0.9278773355570777,927877.3355570778,0.0,0.0,0.0,1.4731182795698923,-0.108739715478814,-0.2770448548812666
2015-11-20,927877.3355570778,0.9278773355570777,927877.3355570778,0.0,0.0,0.0,1.4688940092165899,-0.108739715478814,-0.2791179796456841
2015-11-23,927877.3355570778,0.9278773355570777,927877.3355570778,0.0,0.0,0.0,1.4615975422427034,-0.108739715478814,-0.28269883151149644
2015-11-24,927877.3355570778,0.9278773355570777,927877.3355570778,0.0,0.0,0.0,1.4627496159754225,-0.108739715478814,-0.28213343384847334
2015-11-25,927877.3355570778,0.9278773355570777,927877.3355570778,0.0,0.0,0.0,1.4715821812596006,-0.108739715478814,-0.2777987184319638
2015-11-26,927877.3355570778,0.9278773355570777,927877.3355570778,0.0,0.0,0.0,1.4646697388632872,-0.108739715478814,-0.28119110441010176
2015-11-27,927877.3355570778,0.9278773355570777,927877.3355570778,0.0,0.0,0.0,1.3855606758832566,-0.108739715478814,-0.32001507727101386
2015-11-30,927877.3355570778,0.9278773355570777,927877.3355570778,0.0,0.0,0.0,1.3859447004608294,-0.108739715478814,-0.3198266113833397
2015-12-01,927877.3355570778,0.9278773355570777,927877.3355570778,0.0,0.0,0.0,1.3966973886328724,-0.108739715478814,-0.31454956652845834
2015-12-02,927877.3355570778,0.9278773355570777,927877.3355570778,0.0,0.0,0.0,1.456605222734255,-0.108739715478814,-0.2851488880512627
2015-12-03,927877.3355570778,0.9278773355570777,927877.3355570778,0.0,0.0,0.0,1.4596774193548387,-0.108739715478814,-0.283641160949868
2015-12-04,927877.3355570778,0.9278773355570777,927877.3355570778,0.0,0.0,0.0,1.4320276497695852,-0.108739715478814,-0.29721070486241996
2015-12-07,927877.3355570778,0.9278773355570777,927877.3355570778,0.0,0.0,0.0,1.434331797235023,-0.108739715478814,-0.296079909536374
2015-12-08,927877.3355570778,0.9278773355570777,927877.3355570778,0.0,0.0,0.0,1.413594470046083,-0.108739715478814,-0.30625706747078774
2015-12-09,927877.3355570778,0.9278773355570777,927877.3355570778,0.0,0.0,0.0,1.4155145929339477,-0.108739715478814,-0.30531473803241616
2015-12-10,927877.3355570778,0.9278773355570777,927877.3355570778,0.0,0.0,0.0,1.412826420890937,-0.108739715478814,-0.30663399924613655
2015-12-11,927877.3355570778,0.9278773355570777,927877.3355570778,0.0,0.0,0.0,1.4059139784946235,-0.108739715478814,-0.3100263852242745
2015-12-14,927877.3355570778,0.9278773355570777,927877.3355570778,0.0,0.0,0.0,1.4489247311827957,-0.108739715478814,-0.28891820580474936
2015-12-15,927877.3355570778,0.9278773355570777,927877.3355570778,0.0,0.0,0.0,1.435099846390169,-0.108739715478814,-0.2957029777610253
2015-12-16,927877.3355570778,0.9278773355570777,927877.3355570778,0.0,0.0,0.0,1.4354838709677418,-0.108739715478814,-0.295514511873351
2015-12-17,927877.3355570778,0.9278773355570777,927877.3355570778,0.0,0.0,0.0,1.4623655913978493,-0.108739715478814,-0.28232189973614785
2015-12-18,927877.3355570778,0.9278773355570777,927877.3355570778,0.0,0.0,0.0,1.467741935483871,-0.108739715478814,-0.27968337730870707
2015-12-21,927877.3355570778,0.9278773355570777,927877.3355570778,0.0,0.0,0.0,1.5061443932411673,-0.108739715478814,-0.260836788541274
2015-12-22,927877.3355570778,0.9278773355570777,927877.3355570778,0.0,0.0,0.0,1.5080645161290323,-0.108739715478814,-0.2598944591029023
2015-12-23,927877.3355570778,0.9278773355570777,927877.3355570778,0.0,0.0,0.0,1.5061443932411673,-0.108739715478814,-0.260836788541274
2015-12-24,927877.3355570778,0.9278773355570777,927877.3355570778,0.0,0.0,0.0,1.4880952380952381,-0.108739715478814,-0.2696946852619676
2015-12-25,927877.3355570778,0.9278773355570777,927877.3355570778,0.0,0.0,0.0,1.4957757296466974,-0.108739715478814,-0.26592536750848095
2015-12-28,927877.3355570778,0.9278773355570777,927877.3355570778,0.0,0.0,0.0,1.4508448540706604,-0.108739715478814,-0.28797587636637767
2015-12-29,927877.3355570778,0.9278773355570777,927877.3355570778,0.0,0.0,0.0,1.4642857142857142,-0.108739715478814,-0.28137957029777616
2015-12-30,927877.3355570778,0.9278773355570777,927877.3355570778,0.0,0.0,0.0,1.4639016897081412,-0.108739715478814,-0.28156803618545045
2015-12-31,927877.3355570778,0.9278773355570777,927877.3355570778,0.0,0.0,0.0,1.4508448540706604,-0.108739715478814,-0.28797587636637767
2016-01-04,927877.3355570778,0.9278773355570777,927877.3355570778,0.0,0.0,0.0,1.35752688172043,-0.108739715478814,-0.3337730870712401
2016-01-05,927877.3355570778,0.9278773355570777,927877.3355570778,0.0,0.0,0.0,1.3544546850998465,-0.108739715478814,-0.33528081417263467
2016-01-06,927877.3355570778,0.9278773355570777,927877.3355570778,0.0,0.0,0.0,1.3755760368663594,-0.108739715478814,-0.3249151903505465
2016-01-07,927877.3355570778,0.9278773355570777,927877.3355570778,0.0,0.0,0.0,1.337941628264209,-0.108739715478814,-0.34338484734263097
2016-01-08,927877.3355570778,0.9278773355570777,927877.3355570778,0.0,0.0,0.0,1.3087557603686635,-0.108739715478814,-0.3577082548058802
2016-01-11,927919.1663998602,0.9279191663998602,185352.7765508818,742566.3898489784,0.8002490052339222,742301.8684456623,1.2415514592933947,-0.10869953541684751,-0.3906897851488881
2016-01-12,919975.5807146977,0.9199755807146978,185352.7765508818,734622.8041638159,0.7985242429947026,0.0,1.2503840245775728,-0.11632964143040336,-0.38635506973237854
2016-01-13,913938.4555939744,0.9139384555939745,185352.7765508818,728585.6790430926,0.7971933718114314,0.0,1.2331029185867894,-0.12212852200070567,-0.3948360346777233
2016-01-14,920293.3241421044,0.9202933241421044,185352.7765508818,734940.5475912226,0.798593805161341,0.0,1.2538402457757296,-0.116024437189861,-0.38465887674330945
2016-01-15,915844.9161584133,0.9158449161584132,185352.7765508818,730492.1396075315,0.7976155424562935,0.0,1.216973886328725,-0.12029729655745247,-0.4027516019600452
2016-01-18,919605.2522593369,0.9196052522593369,919605.2522593369,0.0,0.0,735208.2464288125,1.2177419354838708,-0.11668535552303516,-0.40237467018469664
2016-01-19,919605.2522593369,0.9196052522593369,919605.2522593369,0.0,0.0,0.0,1.2526881720430108,-0.11668535552303516,-0.38522427440633245
2016-01-20,919605.2522593369,0.9196052522593369,919605.2522593369,0.0,0.0,0.0,1.216973886328725,-0.11668535552303516,-0.4027516019600452
2016-01-21,919605.2522593369,0.9196052522593369,919605.2522593369,0.0,0.0,0.0,1.1820276497695852,-0.11668535552303516,-0.4199019977384094
2016-01-22,919605.2522593369,0.9196052522593369,919605.2522593369,0.0,0.0,0.0,1.1935483870967742,-0.11668535552303516,-0.4142480211081794
2016-01-25,920600.2576838222,0.9206002576838221,183700.34519132506,736899.9124924971,0.8004559050922877,735684.2018074696,1.1981566820276497,-0.11572961624183531,-0.4119864304560875
2016-01-26,933267.209338184,0.933267209338184,183700.34519132506,749566.8641468589,0.8031642563316951,0.0,1.130568356374808,-0.1035625436096489,-0.4451564266867697
2016-01-27,931683.8403813888,0.9316838403813887,183700.34519132506,747983.4951900637,0.8028297398438009,0.0,1.118279569892473,-0.10508342768867218,-0.4511873350923483
2016-01-28,929467.1238418753,0.9294671238418754,183700.34519132506,745766.7786505503,0.8023595020424016,0.0,1.0940860215053765,-0.10721266539930485,-0.46306068601583106
2016-01-29,928517.1024677982,0.9285171024677982,183700.34519132506,744816.7572764731,0.8021572842297797,0.0,1.1251920122887864,-0.10812519584671887,-0.44779494911421036
2016-02-01,935461.9962593897,0.9354619962593896,185826.25561710537,749635.7406422843,0.8013534955346507,2130.810223890003,1.1129032258064517,-0.10145437010341407,-0.4538258575197889
2016-02-02,939251.224939974,0.939251224939974,185826.25561710537,753424.9693228686,0.8021548967061701,0.0,1.1367127496159755,-0.09781467668429866,-0.4421409724839803
2016-02-03,940514.3011668355,0.9405143011668354,185826.25561710537,754688.0455497301,0.8024205954268183,0.0,1.131336405529954,-0.0966014455445936,-0.444779494911421
2016-02-04,947776.9894712889,0.9477769894712889,185826.25561710537,761950.7338541835,0.8039346199776729,0.0,1.1463133640552994,-0.08962536649128894,-0.4374293252921222
2016-02-05,956302.7540026039,0.9563027540026039,185826.25561710537,770476.4983854985,0.8056826095717806,0.0,1.1328725038402458,-0.08143605629827899,-0.4440256313607237
2016-02-15,988603.6197216273,0.9886036197216274,204363.109609752,784240.5101118754,0.7932810425402884,18579.577731640544,1.1286482334869432,-0.050409887571209566,-0.44609875612514127
2016-02-16,978723.424318643,0.978723424318643,204363.109609752,774360.3147088911,0.7911942183747944,0.0,1.1605222734254992,-0.05990017839796191,-0.4304560874481719
2016-02-17,984281.0342328215,0.9842810342328215,204363.109609752,779917.9246230696,0.7923732120176036,0.0,1.172427035330261,-0.05456188980791388,-0.42461364493026765
2016-02-18,983663.5220201352,0.9836635220201352,204363.109609752,779300.4124103832,0.7922428706209879,0.0,1.1708909370199692,-0.055155032984585795,-0.42536750848096494
2016-02-19,996013.7662738655,0.9960137662738655,204363.109609752,791650.6566641135,0.7948189909319386,0.0,1.1678187403993854,-0.043292169451145446,-0.4268752355823596
2016-02-22,990420.5871510836,0.9904205871510836,199015.89590796147,791404.6912431221,0.799059209299733,5345.610018784878,1.1920122887864824,-0.04866462357338741,-0.4150018846588768
2016-02-23,990731.4295278485,0.9907314295278485,199015.89590796147,791715.533619887,0.7991222545520674,0.0,1.1827956989247312,-0.04836604804563149,-0.4195250659630606
2016-02-24,996637.4346863793,0.9966374346863792,199015.89590796147,797621.5387784177,0.8003126423094998,0.0,1.1916282642089093,-0.042693113018271056,-0.41519035054655107
2016-02-25,1013112.0806549124,1.0131120806549123,199015.89590796147,814096.1847469509,0.8035598432709337,0.0,1.1155913978494623,-0.02686861004721275,-0.4525065963060686
2016-02-26,1007206.0754963816,1.0072060754963816,199015.89590796147,808190.1795884201,0.802407967197894,0.0,1.1263440860215053,-0.032541545074573186,-0.44722955145118737
2016-02-29,999438.8304335397,0.9994388304335396,200568.05689307407,798870.7735404656,0.7993193272207855,1555.7384055762086,1.0998463901689708,-0.04000226943906926,-0.4602336977007162
2016-03-01,1010917.7502863542,1.0109177502863542,200568.05689307407,810349.6933932801,0.8015980460959748,0.0,1.120583717357911,-0.02897634501784907,-0.4500565397663022
2016-03-02,1001610.5179732613,1.0016105179732613,200568.05689307407,801042.4610801872,0.7997544421768659,0.0,1.1708909370199692,-0.03791628373775735,-0.42536750848096494
2016-03-03,1008125.5805924264,1.0081255805924263,200568.05689307407,807557.5236993523,0.80104853923535,0.0,1.1682027649769584,-0.03165832663382162,-0.42668676969468533
2016-03-04,1019294.2593681376,1.0192942593681376,200568.05689307407,818726.2024750635,0.8032285033986097,0.0,1.1824116743471582,-0.020930400169931973,-0.419713531850735
2016-03-07,1019600.8717450575,1.0196008717450575,204038.73663708955,815562.135107968,0.7998837169608584,3478.67896629835,1.1916282642089093,-0.020635887712498913,-0.41519035054655107
2016-03-08,1023307.9723591846,1.0233079723591847,204038.73663708955,819269.2357220951,0.8006086709490902,0.0,1.1874039938556067,-0.01707508131979618,-0.41726347531096875
2016-03-09,1014040.2208238668,1.0140402208238668,204038.73663708955,810001.4841867773,0.7987863474771086,0.0,1.1697388632872503,-0.025977097301553065,-0.42593290614398793
2016-03-10,1008788.4949538533,1.0087884949538533,204038.73663708955,804749.7583167638,0.7977388345944377,0.0,1.1539938556067588,-0.031021573024548665,-0.43366000753863554
2016-03-11,1020218.721847412,1.020218721847412,204038.73663708955,816179.9852103224,0.8000049084890187,0.0,1.151689708141321,-0.02004241998038192,-0.4347908028646814
2016-03-14,1011569.4864706644,1.0115694864706644,202127.83595390795,809441.6505167565,0.8001839333260972,1910.3275849061322,1.1766513056835637,-0.028350328458545793,-0.42254052016585
2016-03-15,995777.0135646375,0.9957770135646375,202127.83595390795,793649.1776107296,0.7970149609797279,0.0,1.172811059907834,-0.043519579130099406,-0.42442517904259325
2016-03-16,1001660.4838629612,1.0016604838629612,202127.83595390795,799532.6479090533,0.7982072376716007,0.0,1.1804915514592933,-0.03786828966422651,-0.4206558612891067
2016-03-17,1011259.8301391737,1.0112598301391738,202127.83595390795,809131.9941852657,0.800122747952828,0.0,1.1996927803379416,-0.028647764746223214,-0.4112325669053901
2016-03-18,1011569.4864706644,1.0115694864706644,202127.83595390795,809441.6505167565,0.8001839333260972,0.0,1.2165898617511521,-0.028350328458545793,-0.4029400678477195
2016-03-21,1002275.7878384847,1.0022757878384847,201632.50481007656,800643.2830284082,0.798825326066273,495.18258905468974,1.2434715821812596,-0.03727726758051231,-0.3897474557105164
2016-03-22,1006923.4849148882,1.0069234849148883,201632.50481007656,805290.9801048116,0.7997538960697497,0.0,1.2350230414746544,-0.03281298371458863,-0.39389370523935163
2016-03-23,1000106.8625361632,1.000106862536163,201632.50481007656,798474.3577260866,0.7983890398484436,0.0,1.237327188940092,-0.03936060005127673,-0.39276290991330576
2016-03-24,989262.2360245555,0.9892622360245555,201632.50481007656,787629.731214479,0.7961789124586864,0.0,1.218125960061444,-0.049777262405097944,-0.40218620429702223
2016-03-25,987535.7255181834,0.9875357255181835,987535.7255181834,0.0,0.0,786926.2248003474,1.2231182795698925,-0.05143563920359373,-0.39973614775725597
2016-03-28,987535.7255181834,0.9875357255181835,987535.7255181834,0.0,0.0,0.0,1.2115975422427034,-0.05143563920359373,-0.4053901243874859
2016-03-29,987535.7255181834,0.9875357255181835,987535.7255181834,0.0,0.0,0.0,1.2016129032258065,-0.05143563920359373,-0.4102902374670184
2016-03-30,987535.7255181834,0.9875357255181835,987535.7255181834,0.0,0.0,0.0,1.2346390168970813,-0.05143563920359373,-0.39408217112702604
2016-03-31,987535.7255181834,0.9875357255181835,987535.7255181834,0.0,0.0,0.0,1.2323348694316436,-0.05143563920359373,-0.395212966453072
2016-04-01,987535.7255181834,0.9875357255181835,987535.7255181834,0.0,0.0,0.0,1.2361751152073732,-0.05143563920359373,-0.39332830757632875
2016-04-05,987535.7255181834,0.9875357255181835,987535.7255181834,0.0,0.0,0.0,1.248079877112135,-0.05143563920359373,-0.3874858650584244
2016-04-06,987535.7255181834,0.9875357255181835,987535.7255181834,0.0,0.0,0.0,1.2457757296466974,-0.05143563920359373,-0.3886166603844704
2016-04-07,987535.7255181834,0.9875357255181835,987535.7255181834,0.0,0.0,0.0,1.230414746543779,-0.05143563920359373,-0.3961552958914436
2016-04-08,987535.7255181834,0.9875357255181835,987535.7255181834,0.0,0.0,0.0,1.2200460829493087,-0.05143563920359373,-0.40124387485865054
2016-04-11,987535.7255181834,0.9875357255181835,987535.7255181834,0.0,0.0,0.0,1.2334869431643625,-0.05143563920359373,-0.39464756879004903
2016-04-12,987535.7255181834,0.9875357255181835,987535.7255181834,0.0,0.0,0.0,1.2319508448540706,-0.05143563920359373,-0.3954014323407463
2016-04-13,987535.7255181834,0.9875357255181835,987535.7255181834,0.0,0.0,0.0,1.2476958525345623,-0.05143563920359373,-0.3876743309460987
2016-04-14,987535.7255181834,0.9875357255181835,987535.7255181834,0.0,0.0,0.0,1.2523041474654377,-0.05143563920359373,-0.38541274029400685
2016-04-15,987535.7255181834,0.9875357255181835,987535.7255181834,0.0,0.0,0.0,1.2534562211981566,-0.05143563920359373,-0.38484734263098386
2016-04-18,987535.7255181834,0.9875357255181835,987535.7255181834,0.0,0.0,0.0,1.2357910906298002,-0.05143563920359373,-0.39351677346400304
2016-04-19,987535.7255181834,0.9875357255181835,987535.7255181834,0.0,0.0,0.0,1.237327188940092,-0.05143563920359373,-0.39276290991330576
2016-04-20,987535.7255181834,0.9875357255181835,987535.7255181834,0.0,0.0,0.0,1.215821812596006,-0.05143563920359373,-0.4033169996230682
2016-04-21,987535.7255181834,0.9875357255181835,987535.7255181834,0.0,0.0,0.0,1.2100614439324116,-0.05143563920359373,-0.4061439879381833
2016-04-22,987535.7255181834,0.9875357255181835,987535.7255181834,0.0,0.0,0.0,1.215437788018433,-0.05143563920359373,-0.4035054655107426
2016-04-25,987535.7255181834,0.9875357255181835,987535.7255181834,0.0,0.0,0.0,1.2115975422427034,-0.05143563920359373,-0.4053901243874859
2016-04-26,987535.7255181834,0.9875357255181835,987535.7255181834,0.0,0.0,0.0,1.2185099846390168,-0.05143563920359373,-0.40199773840934794
2016-04-27,987535.7255181834,0.9875357255181835,987535.7255181834,0.0,0.0,0.0,1.2127496159754223,-0.05143563920359373,-0.4048247267244629
2016-04-28,987535.7255181834,0.9875357255181835,987535.7255181834,0.0,0.0,0.0,1.2119815668202765,-0.05143563920359373,-0.4052016584998115
2016-04-29,987535.7255181834,0.9875357255181835,987535.7255181834,0.0,0.0,0.0,1.2104454685099846,-0.05143563920359373,-0.4059555220505089
2016-05-03,988078.5133215458,0.9880785133215458,197270.13652951235,790808.3767920334,0.800349735501924,790028.5804145468,1.2338709677419355,-0.050914271568540004,-0.3944591029023746
2016-05-04,982792.7536549076,0.9827927536549076,197270.13652951235,785522.6171253952,0.7992759553874563,0.0,1.2292626728110598,-0.05599143800409068,-0.3967206935544667
2016-05-05,981911.793710468,0.981911793710468,197270.13652951235,784641.6571809556,0.7990958680880449,0.0,1.2292626728110598,-0.056837632410015715,-0.3967206935544667
2016-05-06,981324.4870808414,0.9813244870808414,197270.13652951235,784054.3505513291,0.7989756302562729,0.0,1.2012288786482335,-0.05740176201396585,-0.41047870335469283
2016-05-09,981028.6741860682,0.9810286741860682,196793.330383888,784235.3438021803,0.7994010414148579,476.6631466803374,1.1766513056835637,-0.057685901171866893,-0.42254052016585
2016-05-10,975445.8823043741,0.9754458823043741,196793.330383888,778652.5519204861,0.7982529487756027,0.0,1.1754992319508448,-0.06304837796726559,-0.42310591782887297
2016-05-11,978971.8561243914,0.9789718561243914,196793.330383888,782178.5257405034,0.7989795833733521,0.0,1.1801075268817203,-0.059661550517540074,-0.4208443271767811
2016-05-12,975739.7134560422,0.9757397134560423,196793.330383888,778946.3830721542,0.7983137022404759,0.0,1.1843317972350231,-0.06276614234645517,-0.4187712024123633
2016-05-13,980441.011882732,0.980441011882732,196793.330383888,783647.6814988441,0.7992808052715099,0.0,1.1801075268817203,-0.05825037241348774,-0.4208443271767811
2016-05-16,985145.9745084114,0.9851459745084113,196087.99083814418,789057.9836702672,0.8009553955331419,705.1280073416419,1.184715821812596,-0.05373108288271489,-0.418582736524689
2016-05-17,981910.9250039862,0.9819109250039862,196087.99083814418,785822.934165842,0.8002996139009777,0.0,1.1827956989247312,-0.05683846683452032,-0.4195250659630606
2016-05-18,981616.8295944929,0.9816168295944929,196087.99083814418,785528.8387563487,0.800239783053487,0.0,1.1751152073732718,-0.05712095628468461,-0.4232943837165474
2016-05-19,969558.9178052716,0.9695589178052716,196087.99083814418,773470.9269671274,0.7977554667002434,0.0,1.172811059907834,-0.06870302374141435,-0.42442517904259325
2016-05-20,969264.8223957784,0.9692648223957784,196087.99083814418,773176.8315576342,0.7976941014392082,0.0,1.1804915514592933,-0.06898551319157853,-0.4206558612891067
2016-05-23,969341.4378085058,0.9693414378085058,969341.4378085058,0.0,0.0,774259.9849507976,1.1824116743471582,-0.06891192127168844,-0.419713531850735
2016-05-24,969341.4378085058,0.9693414378085058,969341.4378085058,0.0,0.0,0.0,1.1751152073732718,-0.06891192127168844,-0.4232943837165474
2016-05-25,969341.4378085058,0.9693414378085058,969341.4378085058,0.0,0.0,0.0,1.174347158218126,-0.06891192127168844,-0.42367131549189596
2016-05-26,969341.4378085058,0.9693414378085058,969341.4378085058,0.0,0.0,0.0,1.174347158218126,-0.06891192127168844,-0.42367131549189596
2016-05-27,969341.4378085058,0.9693414378085058,969341.4378085058,0.0,0.0,0.0,1.1751152073732718,-0.06891192127168844,-0.4232943837165474
2016-05-30,969341.4378085058,0.9693414378085058,969341.4378085058,0.0,0.0,0.0,1.1758832565284176,-0.06891192127168844,-0.4229174519411987
2016-05-31,969341.4378085058,0.9693414378085058,969341.4378085058,0.0,0.0,0.0,1.216973886328725,-0.06891192127168844,-0.4027516019600452
2016-06-01,969341.4378085058,0.9693414378085058,969341.4378085058,0.0,0.0,0.0,1.2119815668202765,-0.06891192127168844,-0.4052016584998115
2016-06-02,969341.4378085058,0.9693414378085058,969341.4378085058,0.0,0.0,0.0,1.2131336405529953,-0.06891192127168844,-0.4046362608367886
2016-06-03,969341.4378085058,0.9693414378085058,969341.4378085058,0.0,0.0,0.0,1.2273425499231951,-0.06891192127168844,-0.3976630229928383
2016-06-06,969341.4378085058,0.9693414378085058,969341.4378085058,0.0,0.0,0.0,1.2200460829493087,-0.06891192127168844,-0.40124387485865054
2016-06-07,969341.4378085058,0.9693414378085058,969341.4378085058,0.0,0.0,0.0,1.2200460829493087,-0.06891192127168844,-0.40124387485865054
2016-06-08,969341.4378085058,0.9693414378085058,969341.4378085058,0.0,0.0,0.0,1.2185099846390168,-0.06891192127168844,-0.40199773840934794
2016-06-13,969341.4378085058,0.9693414378085058,969341.4378085058,0.0,0.0,0.0,1.1785714285714286,-0.06891192127168844,-0.4215981907274783
2016-06-14,969341.4378085058,0.9693414378085058,969341.4378085058,0.0,0.0,0.0,1.183563748079877,-0.06891192127168844,-0.419148134187712
2016-06-15,969341.4378085058,0.9693414378085058,969341.4378085058,0.0,0.0,0.0,1.1993087557603688,-0.06891192127168844,-0.4114210327930644
2016-06-16,969341.4378085058,0.9693414378085058,969341.4378085058,0.0,0.0,0.0,1.1920122887864824,-0.06891192127168844,-0.4150018846588768
2016-06-17,969341.4378085058,0.9693414378085058,969341.4378085058,0.0,0.0,0.0,1.1970046082949308,-0.06891192127168844,-0.4125518281191105
2016-06-20,968435.0323774935,0.9684350323774934,193635.64561662707,774799.3867608664,0.800053034903896,775473.1502468047,1.1973886328725039,-0.06978255700270419,-0.4123633622314361
2016-06-21,966431.4876019759,0.966431487601976,193635.64561662707,772795.8419853488,0.7996385174730816,0.0,1.194700460829493,-0.07170703539898537,-0.4136826234451564
2016-06-22,957272.4257710385,0.9572724257710385,193635.64561662707,763636.7801544114,0.7977214840794536,0.0,1.2019969278033793,-0.08050465092484305,-0.41010177157934413
2016-06-23,957844.867135472,0.957844867135472,193635.64561662707,764209.221518845,0.7978423727469426,0.0,1.1981566820276497,-0.07995479995447707,-0.4119864304560875
2016-06-24,992477.5696837043,0.9924775696837043,193635.64561662707,798841.9240670772,0.804896703430449,0.0,1.185483870967742,-0.04668881624732757,-0.4182058047493403
2016-06-27,999609.6780534207,0.9996096780534207,199572.44463652928,800037.2334168914,0.8003496274414184,5950.482153614401,1.2004608294930874,-0.03983816402074514,-0.41085563513004153
2016-06-28,995632.2202168312,0.9956322202168312,199572.44463652928,796059.7755803019,0.7995520428285597,0.0,1.206605222734255,-0.043658658462482514,-0.40784018092725216
2016-06-29,999325.5739222359,0.9993255739222359,199572.44463652928,799753.1292857066,0.8002928676655088,0.0,1.2119815668202765,-0.04011105648086921,-0.4052016584998115
2016-06-30,995348.1160856462,0.9953481160856462,199572.44463652928,795775.6714491169,0.7994948285818056,0.0,1.2139016897081414,-0.04393155092260659,-0.4042593290614398
2016-07-01,1006428.1772018602,1.0064281772018602,199572.44463652928,806855.7325653309,0.8017022484491699,0.0,1.2127496159754223,-0.03328874497776679,-0.4048247267244629
2016-07-04,1019203.8154876288,1.0192038154876288,203778.16615574897,815425.6493318798,0.8000614174916003,4215.414865703322,1.2331029185867894,-0.02101727484138527,-0.3948360346777233
2016-07-05,1015812.0970155379,1.015812097015538,203778.16615574897,812033.9308597889,0.7993938379406482,0.0,1.2361751152073732,-0.024275145094931783,-0.39332830757632875
2016-07-06,1032205.4029639777,1.0322054029639776,203778.16615574897,828427.2368082287,0.8025798299731817,0.0,1.2423195084485406,-0.00852877220278958,-0.3903128533735395
2016-07-07,1029661.6141099095,1.0296616141099095,203778.16615574897,825883.4479541605,0.8020921015571655,0.0,1.2438556067588324,-0.010972174892949438,-0.3895589898228421
2016-07-08,1023726.1067837501,1.0237261067837502,203778.16615574897,819947.9406280011,0.8009446425118915,0.0,1.239247311827957,-0.016673447836656252,-0.39182058047493407
2016-07-11,1029667.0266355047,1.0296670266355046,206549.14001515927,823117.8866203454,0.7994020060154103,2777.360399649362,1.2423195084485406,-0.010966975963180414,-0.3903128533735395
2016-07-12,1024596.4852394861,1.024596485239486,206549.14001515927,818047.3452243268,0.7984092830780294,0.0,1.2738095238095237,-0.01583741733954913,-0.3748586505842443
2016-07-13,1016990.6731454582,1.0169906731454583,206549.14001515927,810441.533130299,0.7969016378721332,0.0,1.2764976958525345,-0.023143079404102096,-0.373539389370524
2016-07-14,1011075.0415167699,1.01107504151677,206549.14001515927,804525.9015016106,0.7957133431903299,0.0,1.2745775729646698,-0.0288252610098656,-0.3744817188088956
2016-07-15,1011356.7382609933,1.0113567382609934,206549.14001515927,804807.598245834,0.795770243870312,0.0,1.2761136712749614,-0.028554680933400522,-0.3737278552581983
2016-07-18,1008822.7268573691,1.008822726857369,201593.7893066981,807228.9375506709,0.8001692627061522,4953.864549096441,1.271505376344086,-0.03098869202304333,-0.37598944591029027
2016-07-19,1012223.9723807566,1.0122239723807567,201593.7893066981,810630.1830740585,0.800840728131988,0.0,1.2649769585253456,-0.027721670686563726,-0.3791933660007538
2016-07-20,1008822.7268573691,1.008822726857369,201593.7893066981,807228.9375506709,0.8001692627061522,0.0,1.262288786482335,-0.03098869202304333,-0.3805126272144742
2016-07-21,998902.4274141551,0.9989024274141551,201593.7893066981,797308.638107457,0.7981847037567411,0.0,1.2692012288786483,-0.04051750425444234,-0.37712024123633614
2016-07-22,1003720.8585722876,1.0037208585722877,201593.7893066981,802127.0692655895,0.7991535319954901,0.0,1.258064516129032,-0.035889224027762734,-0.3825857519788919
2016-07-25,1000862.9156084317,1.0008629156084317,1000862.9156084317,0.0,0.0,800309.5286890293,1.2576804915514592,-0.03863438328696844,-0.3827742178665662
2016-07-26,1000862.9156084317,1.0008629156084317,1000862.9156084317,0.0,0.0,0.0,1.2738095238095237,-0.03863438328696844,-0.3748586505842443
2016-07-27,1000862.9156084317,1.0008629156084317,1000862.9156084317,0.0,0.0,0.0,1.2503840245775728,-0.03863438328696844,-0.38635506973237854
2016-07-28,1000862.9156084317,1.0008629156084317,1000862.9156084317,0.0,0.0,0.0,1.2538402457757296,-0.03863438328696844,-0.38465887674330945
2016-07-29,1000862.9156084317,1.0008629156084317,1000862.9156084317,0.0,0.0,0.0,1.249615975422427,-0.03863438328696844,-0.38673200150772713
2016-08-01,1000862.9156084317,1.0008629156084317,1000862.9156084317,0.0,0.0,0.0,1.239247311827957,-0.03863438328696844,-0.39182058047493407
2016-08-02,1000862.9156084317,1.0008629156084317,1000862.9156084317,0.0,0.0,0.0,1.2423195084485406,-0.03863438328696844,-0.3903128533735395
2016-08-03,1000862.9156084317,1.0008629156084317,1000862.9156084317,0.0,0.0,0.0,1.2438556067588324,-0.03863438328696844,-0.3895589898228421
2016-08-04,1000862.9156084317,1.0008629156084317,1000862.9156084317,0.0,0.0,0.0,1.2476958525345623,-0.03863438328696844,-0.3876743309460987
2016-08-05,1000862.9156084317,1.0008629156084317,1000862.9156084317,0.0,0.0,0.0,1.2526881720430108,-0.03863438328696844,-0.38522427440633245
2016-08-08,997976.1348187983,0.9979761348187983,199932.37602194026,798043.758796858,0.7996621672138063,800690.3324867454,1.2630568356374807,-0.041407242337754724,-0.3801356954391255
2016-08-09,997695.3312442744,0.9976953312442743,199932.37602194026,797762.9552223341,0.7996057816842794,0.0,1.2688172043010753,-0.04167696449189551,-0.37730870712401055
2016-08-10,1008927.4742252294,1.0089274742252294,199932.37602194026,808995.0982032891,0.8018367215389081,0.0,1.2649769585253456,-0.030888078326270496,-0.3791933660007538
2016-08-11,1001345.7777130847,1.0013457777130848,199932.37602194026,801413.4016911444,0.8003363268994311,0.0,1.2634408602150538,-0.03817057648806732,-0.3799472295514512
2016-08-12,1000784.1705640369,1.000784170564037,199932.37602194026,800851.7945420967,0.8002242822153558,0.0,1.2857142857142856,-0.038710020796348554,-0.36901620806634006
2016-08-15,997941.6663344674,0.9979416663344673,997941.6663344674,0.0,0.0,799048.0527811425,1.3237327188940091,-0.041440350583828445,-0.3503580851865813
2016-08-16,997941.6663344674,0.9979416663344673,997941.6663344674,0.0,0.0,0.0,1.3198924731182795,-0.041440350583828445,-0.35224274406332456
2016-08-17,997941.6663344674,0.9979416663344673,997941.6663344674,0.0,0.0,0.0,1.3168202764976957,-0.041440350583828445,-0.35375047116471925
2016-08-18,997941.6663344674,0.9979416663344673,997941.6663344674,0.0,0.0,0.0,1.314900153609831,-0.041440350583828445,-0.35469280060309083
2016-08-19,997941.6663344674,0.9979416663344673,997941.6663344674,0.0,0.0,0.0,1.3133640552995391,-0.041440350583828445,-0.3554466641537881
2016-08-22,997941.6663344674,0.9979416663344673,997941.6663344674,0.0,0.0,0.0,1.304147465437788,-0.041440350583828445,-0.35996984545797206
2016-08-23,997941.6663344674,0.9979416663344673,997941.6663344674,0.0,0.0,0.0,1.3049155145929339,-0.041440350583828445,-0.35959291368262347
2016-08-24,997941.6663344674,0.9979416663344673,997941.6663344674,0.0,0.0,0.0,1.2995391705069124,-0.041440350583828445,-0.36223143611006414
2016-08-25,997941.6663344674,0.9979416663344673,997941.6663344674,0.0,0.0,0.0,1.292626728110599,-0.041440350583828445,-0.3656238220882021
2016-08-26,997941.6663344674,0.9979416663344673,997941.6663344674,0.0,0.0,0.0,1.2910906298003073,-0.041440350583828445,-0.3663776856388993
2016-08-29,997941.6663344674,0.9979416663344673,997941.6663344674,0.0,0.0,0.0,1.2907066052227343,-0.041440350583828445,-0.3665661515265737
2016-08-30,997941.6663344674,0.9979416663344673,997941.6663344674,0.0,0.0,0.0,1.2960829493087558,-0.041440350583828445,-0.363927629099133
2016-08-31,997941.6663344674,0.9979416663344673,997941.6663344674,0.0,0.0,0.0,1.301459293394777,-0.041440350583828445,-0.36128910667169256
2016-09-01,997941.6663344674,0.9979416663344673,997941.6663344674,0.0,0.0,0.0,1.2876344086021505,-0.041440350583828445,-0.36807387862796836
2016-09-02,997941.6663344674,0.9979416663344673,997941.6663344674,0.0,0.0,0.0,1.2933947772657448,-0.041440350583828445,-0.3652468903128535
2016-09-05,997941.6663344674,0.9979416663344673,997941.6663344674,0.0,0.0,0.0,1.2960829493087558,-0.041440350583828445,-0.363927629099133
2016-09-06,997941.6663344674,0.9979416663344673,997941.6663344674,0.0,0.0,0.0,1.3072196620583716,-0.041440350583828445,-0.3584621183565775
2016-09-07,997941.6663344674,0.9979416663344673,997941.6663344674,0.0,0.0,0.0,1.3079877112135176,-0.041440350583828445,-0.3580851865812288
2016-09-08,997941.6663344674,0.9979416663344673,997941.6663344674,0.0,0.0,0.0,1.3060675883256527,-0.041440350583828445,-0.3590275160196005
2016-09-09,997941.6663344674,0.9979416663344673,997941.6663344674,0.0,0.0,0.0,1.2995391705069124,-0.041440350583828445,-0.36223143611006414
2016-09-12,997941.6663344674,0.9979416663344673,997941.6663344674,0.0,0.0,0.0,1.2738095238095237,-0.041440350583828445,-0.3748586505842443
2016-09-13,997941.6663344674,0.9979416663344673,997941.6663344674,0.0,0.0,0.0,1.2738095238095237,-0.041440350583828445,-0.3748586505842443
2016-09-14,997941.6663344674,0.9979416663344673,997941.6663344674,0.0,0.0,0.0,1.2661290322580645,-0.041440350583828445,-0.3786279683377308
2016-09-19,997941.6663344674,0.9979416663344673,997941.6663344674,0.0,0.0,0.0,1.2741935483870968,-0.041440350583828445,-0.3746701846965699
2016-09-20,997941.6663344674,0.9979416663344673,997941.6663344674,0.0,0.0,0.0,1.2726574500768049,-0.041440350583828445,-0.3754240482472673
2016-09-21,997941.6663344674,0.9979416663344673,997941.6663344674,0.0,0.0,0.0,1.2776497695852533,-0.041440350583828445,-0.372973991707501
2016-09-22,997941.6663344674,0.9979416663344673,997941.6663344674,0.0,0.0,0.0,1.2860983102918586,-0.041440350583828445,-0.36882774217866565
2016-09-23,997941.6663344674,0.9979416663344673,997941.6663344674,0.0,0.0,0.0,1.283026113671275,-0.041440350583828445,-0.3703354692800602
2016-09-26,997941.6663344674,0.9979416663344673,997941.6663344674,0.0,0.0,0.0,1.261520737327189,-0.041440350583828445,-0.3808895589898228
2016-09-27,997941.6663344674,0.9979416663344673,997941.6663344674,0.0,0.0,0.0,1.2680491551459294,-0.041440350583828445,-0.37768563889935913
2016-09-28,997941.6663344674,0.9979416663344673,997941.6663344674,0.0,0.0,0.0,1.2661290322580645,-0.041440350583828445,-0.3786279683377308
2016-09-29,997941.6663344674,0.9979416663344673,997941.6663344674,0.0,0.0,0.0,1.2718894009216588,-0.041440350583828445,-0.37580098002261597
2016-09-30,997941.6663344674,0.9979416663344673,997941.6663344674,0.0,0.0,0.0,1.2757296466973886,-0.041440350583828445,-0.3739163211458726
2016-10-10,997941.6663344674,0.9979416663344673,997941.6663344674,0.0,0.0,0.0,1.2903225806451613,-0.041440350583828445,-0.366754617414248
2016-10-11,997941.6663344674,0.9979416663344673,997941.6663344674,0.0,0.0,0.0,1.2933947772657448,-0.041440350583828445,-0.3652468903128535
2016-10-12,997941.6663344674,0.9979416663344673,997941.6663344674,0.0,0.0,0.0,1.2903225806451613,-0.041440350583828445,-0.366754617414248
2016-10-13,997941.6663344674,0.9979416663344673,997941.6663344674,0.0,0.0,0.0,1.2903225806451613,-0.041440350583828445,-0.366754617414248
2016-10-14,997941.6663344674,0.9979416663344673,997941.6663344674,0.0,0.0,0.0,1.2941628264208909,-0.041440350583828445,-0.3648699585375047
2016-10-17,997941.6663344674,0.9979416663344673,997941.6663344674,0.0,0.0,0.0,1.282258064516129,-0.041440350583828445,-0.3707124010554089
2016-10-18,997941.6663344674,0.9979416663344673,997941.6663344674,0.0,0.0,0.0,1.2983870967741935,-0.041440350583828445,-0.36279683377308714
2016-10-19,997941.6663344674,0.9979416663344673,997941.6663344674,0.0,0.0,0.0,1.2976190476190477,-0.041440350583828445,-0.3631737655484357
2016-10-20,997941.6663344674,0.9979416663344673,997941.6663344674,0.0,0.0,0.0,1.2956989247311828,-0.041440350583828445,-0.3641160949868074
2016-10-21,997941.6663344674,0.9979416663344673,997941.6663344674,0.0,0.0,0.0,1.3022273425499231,-0.041440350583828445,-0.36091217489634375
2016-10-24,997941.6663344674,0.9979416663344673,997941.6663344674,0.0,0.0,0.0,1.3179723502304146,-0.041440350583828445,-0.35318507350169626
2016-10-25,997941.6663344674,0.9979416663344673,997941.6663344674,0.0,0.0,0.0,1.314516129032258,-0.041440350583828445,-0.35488126649076523
2016-10-26,997941.6663344674,0.9979416663344673,997941.6663344674,0.0,0.0,0.0,1.3106758832565284,-0.041440350583828445,-0.3567659253675085
2016-10-27,997941.6663344674,0.9979416663344673,997941.6663344674,0.0,0.0,0.0,1.3087557603686635,-0.041440350583828445,-0.3577082548058802
2016-10-28,997941.6663344674,0.9979416663344673,997941.6663344674,0.0,0.0,0.0,1.3068356374807988,-0.041440350583828445,-0.3586505842442518
2016-10-31,997941.6663344674,0.9979416663344673,997941.6663344674,0.0,0.0,0.0,1.304147465437788,-0.041440350583828445,-0.35996984545797206
2016-11-01,997941.6663344674,0.9979416663344673,997941.6663344674,0.0,0.0,0.0,1.31221198156682,-0.041440350583828445,-0.3560120618168112
2016-11-02,997941.6663344674,0.9979416663344673,997941.6663344674,0.0,0.0,0.0,1.3033794162826422,-0.041440350583828445,-0.36034677723332076
2016-11-03,997941.6663344674,0.9979416663344673,997941.6663344674,0.0,0.0,0.0,1.3133640552995391,-0.041440350583828445,-0.3554466641537881
2016-11-04,997941.6663344674,0.9979416663344673,997941.6663344674,0.0,0.0,0.0,1.3091397849462365,-0.041440350583828445,-0.3575197889182058
2016-11-07,997202.1652728912,0.9972021652728912,199348.8272669731,797853.3380059181,0.8000918628045498,798353.3330675738,1.3102918586789554,-0.0421506685335048,-0.3569543912551828
2016-11-08,995510.8197952621,0.995510819795262,594327.3164424577,401183.50335280434,0.40299260979937135,395492.6295939567,1.3172043010752688,-0.04377526802941811,-0.35356200527704484
2016-11-09,990730.4480779511,0.9907304480779511,594327.3164424577,396403.13163549337,0.4001119905061242,0.0,1.31221198156682,-0.04836699076433071,-0.3560120618168112
2016-11-10,996981.7034005886,0.9969817034005886,594327.3164424577,402654.38695813087,0.403873396657856,0.0,1.325652841781874,-0.042362430264829554,-0.3494157557482096
2016-11-11,1010955.0976511904,1.0109550976511903,594327.3164424577,416627.78120873263,0.41211304258389686,0.0,1.337173579109063,-0.028940471501238352,-0.34376177911797956
2016-11-14,1018115.3382495081,1.018115338249508,201852.67991060315,816262.6583389048,0.8017388872093237,392356.92945301865,1.3390937019969278,-0.022062797235096854,-0.342819449679608
2016-11-15,1010967.6792447891,1.010967679244789,201852.67991060315,809114.9993341858,0.8003371580964974,0.0,1.337557603686636,-0.02892838641815587,-0.3435733132303054
2016-11-16,1016685.8064485644,1.0166858064485644,201852.67991060315,814833.1265379612,0.8014601181305906,0.0,1.337941628264209,-0.023435915071708502,-0.34338484734263097
2016-11-17,1013826.7428466766,1.0138267428466765,201852.67991060315,811974.0629360734,0.8009002215271709,0.0,1.3410138248847925,-0.026182150744932353,-0.3418771202412364
2016-11-18,1001675.7225386545,1.0016757225386546,201852.67991060315,799823.0426280512,0.7984850033112251,0.0,1.336405529953917,-0.03785365235613236,-0.34413871089332826
2016-11-21,1001686.6211358608,1.0016866211358608,199476.71285081955,802209.9082850412,0.8008591622950666,2375.2544834385626,1.3425499231950844,-0.03784318385294261,-0.3411232566905391
2016-11-22,1013157.0040961474,1.0131570040961473,199476.71285081955,813680.2912453278,0.803113720731985,0.0,1.3559907834101383,-0.02682545943076542,-0.3345269506219374
2016-11-23,1006704.9136809862,1.0067049136809862,199476.71285081955,807228.2008301666,0.8018518533683927,0.0,1.358294930875576,-0.03302292941824003,-0.3333961552958914
2016-11-24,1014590.8019661832,1.0145908019661833,199476.71285081955,815114.0891153637,0.803391956181495,0.0,1.3621351766513057,-0.02544824387799305,-0.3315114964191481
2016-11-25,1017458.3977062549,1.0174583977062548,199476.71285081955,817981.6848554353,0.8039460745515322,0.0,1.377112135176651,-0.022693812772448974,-0.3241613267998493
2016-11-28,1013969.4732334407,1.0139694732334406,205631.27568451368,808338.197548927,0.7972017096049476,6168.747869419749,1.3832565284178187,-0.02604505296245363,-0.32114587259705996
2016-11-29,1016104.1691776721,1.0161041691776722,205631.27568451368,810472.8934931585,0.7976277610877929,0.0,1.3940092165898617,-0.023994599048219545,-0.3158688277421787
2016-11-30,1009700.081344978,1.009700081344978,205631.27568451368,804068.8056604643,0.7963442021212863,0.0,1.381336405529954,-0.030145960790921245,-0.32208820203543154
2016-12-01,1017527.2998071595,1.0175272998071594,205631.27568451368,811896.0241226458,0.7979108022718558,0.0,1.3943932411674347,-0.022627629772064006,-0.3156803618545043
2016-12-02,1001872.8628827964,1.0018728628827964,205631.27568451368,796241.5871982828,0.794753123572158,0.0,1.3790322580645162,-0.03766429180977837,-0.3232189973614775
2016-12-05,993337.2959859243,0.9933372959859244,993337.2959859243,0.0,0.0,788731.3710838197,1.3513824884792627,-0.04586301753518751,-0.33678854127402935
2016-12-06,993337.2959859243,0.9933372959859244,993337.2959859243,0.0,0.0,0.0,1.3490783410138247,-0.04586301753518751,-0.33791933660007545
2016-12-07,993337.2959859243,0.9933372959859244,993337.2959859243,0.0,0.0,0.0,1.3552227342549923,-0.04586301753518751,-0.3349038823972861
2016-12-08,993337.2959859243,0.9933372959859244,993337.2959859243,0.0,0.0,0.0,1.358294930875576,-0.04586301753518751,-0.3333961552958914
2016-12-09,993337.2959859243,0.9933372959859244,993337.2959859243,0.0,0.0,0.0,1.3659754224270353,-0.04586301753518751,-0.32962683754240485
2016-12-12,993337.2959859243,0.9933372959859244,993337.2959859243,0.0,0.0,0.0,1.3298771121351767,-0.04586301753518751,-0.3473426309837919
2016-12-13,993337.2959859243,0.9933372959859244,993337.2959859243,0.0,0.0,0.0,1.3279569892473118,-0.04586301753518751,-0.3482849604221636
2016-12-14,993337.2959859243,0.9933372959859244,993337.2959859243,0.0,0.0,0.0,1.3187403993855606,-0.04586301753518751,-0.35280814172634756
2016-12-15,993337.2959859243,0.9933372959859244,993337.2959859243,0.0,0.0,0.0,1.303763440860215,-0.04586301753518751,-0.36015831134564646
2016-12-16,993337.2959859243,0.9933372959859244,993337.2959859243,0.0,0.0,0.0,1.303763440860215,-0.04586301753518751,-0.36015831134564646
2016-12-19,993337.2959859243,0.9933372959859244,993337.2959859243,0.0,0.0,0.0,1.2999231950844852,-0.04586301753518751,-0.36204297022238985
2016-12-20,993337.2959859243,0.9933372959859244,993337.2959859243,0.0,0.0,0.0,1.2903225806451613,-0.04586301753518751,-0.366754617414248
2016-12-21,993337.2959859243,0.9933372959859244,993337.2959859243,0.0,0.0,0.0,1.3045314900153608,-0.04586301753518751,-0.3597813795702979
2016-12-22,993337.2959859243,0.9933372959859244,993337.2959859243,0.0,0.0,0.0,1.3022273425499231,-0.04586301753518751,-0.36091217489634375
2016-12-23,993337.2959859243,0.9933372959859244,993337.2959859243,0.0,0.0,0.0,1.2918586789554531,-0.04586301753518751,-0.3660007538635507
2016-12-26,993337.2959859243,0.9933372959859244,993337.2959859243,0.0,0.0,0.0,1.2964669738863286,-0.04586301753518751,-0.3637391632114588
2016-12-27,993337.2959859243,0.9933372959859244,993337.2959859243,0.0,0.0,0.0,1.294546850998464,-0.04586301753518751,-0.3646814926498304
2016-12-28,993337.2959859243,0.9933372959859244,993337.2959859243,0.0,0.0,0.0,1.2876344086021505,-0.04586301753518751,-0.36807387862796836
2016-12-29,993337.2959859243,0.9933372959859244,993337.2959859243,0.0,0.0,0.0,1.2884024577572963,-0.04586301753518751,-0.3676969468526198
2016-12-30,993337.2959859243,0.9933372959859244,993337.2959859243,0.0,0.0,0.0,1.2895545314900154,-0.04586301753518751,-0.3671315491895967
2017-01-03,993337.2959859243,0.9933372959859244,993337.2959859243,0.0,0.0,0.0,1.304147465437788,-0.04586301753518751,-0.35996984545797206
2017-01-04,993337.2959859243,0.9933372959859244,993337.2959859243,0.0,0.0,0.0,1.3156682027649769,-0.04586301753518751,-0.35431586882774224
2017-01-05,993337.2959859243,0.9933372959859244,993337.2959859243,0.0,0.0,0.0,1.3129800307219661,-0.04586301753518751,-0.3556351300414625
2017-01-06,993337.2959859243,0.9933372959859244,993337.2959859243,0.0,0.0,0.0,1.3087557603686635,-0.04586301753518751,-0.3577082548058802
2017-01-09,993337.2959859243,0.9933372959859244,993337.2959859243,0.0,0.0,0.0,1.3133640552995391,-0.04586301753518751,-0.3554466641537881
2017-01-10,993337.2959859243,0.9933372959859244,993337.2959859243,0.0,0.0,0.0,1.3099078341013826,-0.04586301753518751,-0.3571428571428571
2017-01-11,993337.2959859243,0.9933372959859244,993337.2959859243,0.0,0.0,0.0,1.3003072196620584,-0.04586301753518751,-0.36185450433471533
2017-01-12,993337.2959859243,0.9933372959859244,993337.2959859243,0.0,0.0,0.0,1.293778801843318,-0.04586301753518751,-0.365058424425179
2017-01-13,993337.2959859243,0.9933372959859244,993337.2959859243,0.0,0.0,0.0,1.2960829493087558,-0.04586301753518751,-0.363927629099133
2017-01-16,993337.2959859243,0.9933372959859244,993337.2959859243,0.0,0.0,0.0,1.294546850998464,-0.04586301753518751,-0.3646814926498304
2017-01-17,993337.2959859243,0.9933372959859244,993337.2959859243,0.0,0.0,0.0,1.2964669738863286,-0.04586301753518751,-0.3637391632114588
2017-01-18,993337.2959859243,0.9933372959859244,993337.2959859243,0.0,0.0,0.0,1.3049155145929339,-0.04586301753518751,-0.35959291368262347
2017-01-19,993337.2959859243,0.9933372959859244,993337.2959859243,0.0,0.0,0.0,1.3003072196620584,-0.04586301753518751,-0.36185450433471533
2017-01-20,993337.2959859243,0.9933372959859244,993337.2959859243,0.0,0.0,0.0,1.3114439324116742,-0.04586301753518751,-0.3563889935921599
2017-01-23,993337.2959859243,0.9933372959859244,993337.2959859243,0.0,0.0,0.0,1.2907066052227343,-0.04586301753518751,-0.3665661515265737
2017-01-24,993337.2959859243,0.9933372959859244,993337.2959859243,0.0,0.0,0.0,1.2914746543778801,-0.04586301753518751,-0.3661892197512251
2017-01-25,993337.2959859243,0.9933372959859244,993337.2959859243,0.0,0.0,0.0,1.29531490015361,-0.04586301753518751,-0.3643045608744816
2017-01-26,993337.2959859243,0.9933372959859244,993337.2959859243,0.0,0.0,0.0,1.3006912442396312,-0.04586301753518751,-0.36166603844704115
2017-02-03,993337.2959859243,0.9933372959859244,993337.2959859243,0.0,0.0,0.0,1.293010752688172,-0.04586301753518751,-0.3654353562005277
2017-02-06,993337.2959859243,0.9933372959859244,993337.2959859243,0.0,0.0,0.0,1.292626728110599,-0.04586301753518751,-0.3656238220882021
2017-02-07,993337.2959859243,0.9933372959859244,993337.2959859243,0.0,0.0,0.0,1.2903225806451613,-0.04586301753518751,-0.366754617414248
2017-02-08,993337.2959859243,0.9933372959859244,993337.2959859243,0.0,0.0,0.0,1.2991551459293393,-0.04586301753518751,-0.36241990199773844
2017-02-09,993337.2959859243,0.9933372959859244,993337.2959859243,0.0,0.0,0.0,1.303763440860215,-0.04586301753518751,-0.36015831134564646
2017-02-10,993337.2959859243,0.9933372959859244,993337.2959859243,0.0,0.0,0.0,1.3106758832565284,-0.04586301753518751,-0.3567659253675085
2017-02-13,993337.2959859243,0.9933372959859244,993337.2959859243,0.0,0.0,0.0,1.3175883256528418,-0.04586301753518751,-0.35337353938937055
2017-02-14,993337.2959859243,0.9933372959859244,993337.2959859243,0.0,0.0,0.0,1.3191244239631337,-0.04586301753518751,-0.35261967583867315
2017-02-15,993337.2959859243,0.9933372959859244,993337.2959859243,0.0,0.0,0.0,1.314516129032258,-0.04586301753518751,-0.35488126649076523
2017-02-16,993337.2959859243,0.9933372959859244,993337.2959859243,0.0,0.0,0.0,1.3202764976958525,-0.04586301753518751,-0.35205427817565016
2017-02-17,993337.2959859243,0.9933372959859244,993337.2959859243,0.0,0.0,0.0,1.3125960061443933,-0.04586301753518751,-0.3558235959291368
2017-02-20,997745.2301107242,0.9977452301107242,198429.0582461481,799316.1718645762,0.8011225187975817,794669.8367887395,1.3341013824884793,-0.04162903479665969,-0.34526950621937424
2017-02-21,1000209.9996286999,1.0002099996287,198429.0582461481,801780.9413825518,0.8016126030335536,0.0,1.3341013824884793,-0.03926153308313707,-0.34526950621937424
2017-02-22,998934.4252635476,0.9989344252635476,198429.0582461481,800505.3670173995,0.8013592752158915,0.0,1.3383256528417817,-0.04048676914403415,-0.3431963814549567
2017-02-23,995456.9386964056,0.9954569386964056,198429.0582461481,797027.8804502576,0.8006653522290984,0.0,1.3325652841781874,-0.04382702280524553,-0.34602336977007164
2017-02-24,1002917.5126428842,1.0029175126428842,198429.0582461481,804488.4543967361,0.8021481769490209,0.0,1.3314132104454686,-0.03666086731957696,-0.3465887674330945
2017-02-27,999336.104307212,0.9993361043072121,200589.18355336777,798746.9207538443,0.7992775576817313,4247.54853578849,1.3210445468509984,-0.04010094165905986,-0.35167734640030157
2017-02-28,998471.7799955363,0.9984717799955363,200589.18355336777,797882.5964421686,0.7991038028593412,0.0,1.3229646697388633,-0.04093115692827998,-0.3507350169619299
2017-03-01,995878.8070605093,0.9958788070605094,200589.18355336777,795289.6235071416,0.7985807287681542,0.0,1.324500768049155,-0.043421802735939874,-0.3499811534112327
2017-03-02,996077.2548918364,0.9960772548918364,200589.18355336777,795488.0713384687,0.7986208574001123,0.0,1.3198924731182795,-0.04323118630008849,-0.35224274406332456
2017-03-03,989364.0963089695,0.9893640963089696,200589.18355336777,788774.9127556018,0.7972544341343012,0.0,1.314900153609831,-0.049679421858088824,-0.35469280060309083
2017-03-06,988663.7884111407,0.9886637884111407,988663.7884111407,0.0,0.0,789100.4354238239,1.3214285714285714,-0.05035209333345869,-0.35148888051262717
2017-03-07,988663.7884111407,0.9886637884111407,988663.7884111407,0.0,0.0,0.0,1.3233486943164363,-0.05035209333345869,-0.3505465510742555
2017-03-08,988663.7884111407,0.9886637884111407,988663.7884111407,0.0,0.0,0.0,1.3248847926267282,-0.05035209333345869,-0.3497926875235582
2017-03-09,988663.7884111407,0.9886637884111407,988663.7884111407,0.0,0.0,0.0,1.3129800307219661,-0.05035209333345869,-0.3556351300414625
2017-03-10,988663.7884111407,0.9886637884111407,988663.7884111407,0.0,0.0,0.0,1.3141321044546852,-0.05035209333345869,-0.3550697323784394
2017-03-13,988663.7884111407,0.9886637884111407,988663.7884111407,0.0,0.0,0.0,1.3283410138248848,-0.05035209333345869,-0.3480964945344892
2017-03-14,988663.7884111407,0.9886637884111407,988663.7884111407,0.0,0.0,0.0,1.325268817204301,-0.05035209333345869,-0.3496042216358839
2017-03-15,988663.7884111407,0.9886637884111407,988663.7884111407,0.0,0.0,0.0,1.3275729646697387,-0.05035209333345869,-0.348473426309838
2017-03-16,988663.7884111407,0.9886637884111407,988663.7884111407,0.0,0.0,0.0,1.3356374807987712,-0.05035209333345869,-0.34451564266867696
2017-03-17,988663.7884111407,0.9886637884111407,988663.7884111407,0.0,0.0,0.0,1.3206605222734256,-0.05035209333345869,-0.35186581228797587
2017-03-20,988663.7884111407,0.9886637884111407,988663.7884111407,0.0,0.0,0.0,1.3214285714285714,-0.05035209333345869,-0.35148888051262717
2017-03-21,988663.7884111407,0.9886637884111407,988663.7884111407,0.0,0.0,0.0,1.3306451612903225,-0.05035209333345869,-0.34696569920844333
2017-03-22,988663.7884111407,0.9886637884111407,988663.7884111407,0.0,0.0,0.0,1.3237327188940091,-0.05035209333345869,-0.3503580851865813
2017-03-23,988663.7884111407,0.9886637884111407,988663.7884111407,0.0,0.0,0.0,1.3275729646697387,-0.05035209333345869,-0.348473426309838
2017-03-24,988663.7884111407,0.9886637884111407,988663.7884111407,0.0,0.0,0.0,1.3402457757296466,-0.05035209333345869,-0.342254052016585
2017-03-27,988663.7884111407,0.9886637884111407,988663.7884111407,0.0,0.0,0.0,1.3341013824884793,-0.05035209333345869,-0.34526950621937424
2017-03-28,988663.7884111407,0.9886637884111407,988663.7884111407,0.0,0.0,0.0,1.3321812596006144,-0.05035209333345869,-0.34621183565774594
2017-03-29,988663.7884111407,0.9886637884111407,988663.7884111407,0.0,0.0,0.0,1.3294930875576036,-0.05035209333345869,-0.3475310968714663
2017-03-30,988663.7884111407,0.9886637884111407,988663.7884111407,0.0,0.0,0.0,1.3168202764976957,-0.05035209333345869,-0.35375047116471925
2017-03-31,988663.7884111407,0.9886637884111407,988663.7884111407,0.0,0.0,0.0,1.32642089093702,-0.05035209333345869,-0.3490388239728608
2017-04-05,988663.7884111407,0.9886637884111407,988663.7884111407,0.0,0.0,0.0,1.348310291858679,-0.05035209333345869,-0.33829626837542404
2017-04-06,988663.7884111407,0.9886637884111407,988663.7884111407,0.0,0.0,0.0,1.346774193548387,-0.05035209333345869,-0.33905013192612143
2017-04-07,988663.7884111407,0.9886637884111407,988663.7884111407,0.0,0.0,0.0,1.3494623655913978,-0.05035209333345869,-0.33773087071240104
2017-04-10,990298.823186357,0.9902988231863571,197495.4783730096,792803.3448133474,0.8005698141319063,790931.0307289124,1.3460061443932412,-0.04878158233688756,-0.33942706370147
2017-04-11,990582.2709320893,0.9905822709320893,197495.4783730096,793086.7925590797,0.8006268795955979,0.0,1.3494623655913978,-0.04850932035911604,-0.33773087071240104
2017-04-12,999085.7033040595,0.9990857033040594,197495.4783730096,801590.2249310499,0.8023237869185039,0.0,1.3444700460829493,-0.040341461025965475,-0.3401809272521673
2017-04-13,1003337.4194900445,1.0033374194900444,197495.4783730096,805841.9411170349,0.8031614544253831,0.0,1.3494623655913978,-0.03625753135939025,-0.33773087071240104
2017-04-14,1004187.7627272416,1.0041877627272415,197495.4783730096,806692.284354232,0.8033281367255085,0.0,1.3383256528417817,-0.035440745426075115,-0.3431963814549567
2017-04-17,1003624.565647463,1.003624565647463,201171.06038606443,802453.5052613985,0.7995554639933669,3684.0534940644866,1.3337173579109063,-0.03598171692126051,-0.34545797210704865
2017-04-18,1002213.7824103648,1.0022137824103647,201171.06038606443,801042.7220243004,0.7992733048409693,0.0,1.3306451612903225,-0.037336826073203544,-0.34696569920844333
2017-04-19,1001649.4691155257,1.0016494691155258,201171.06038606443,800478.4087294613,0.7991602186304735,0.0,1.3202764976958525,-0.03787886973398036,-0.35205427817565016
2017-04-20,1000802.9991732668,1.0008029991732668,201171.06038606443,799631.9387872024,0.7989903501965464,0.0,1.3275729646697387,-0.038691935225146246,-0.348473426309838
2017-04-21,999956.5292310079,0.9999565292310079,201171.06038606443,798785.4688449434,0.7988201941730706,0.0,1.3287250384024576,-0.03950500071631202,-0.347908028646815
2017-04-24,997955.9366999298,0.9979559366999298,997955.9366999298,0.0,0.0,797822.0449723293,1.314516129032258,-0.04142664337330082,-0.35488126649076523
2017-04-25,997955.9366999298,0.9979559366999298,997955.9366999298,0.0,0.0,0.0,1.3187403993855606,-0.04142664337330082,-0.35280814172634756
2017-04-26,997955.9366999298,0.9979559366999298,997955.9366999298,0.0,0.0,0.0,1.3218125960061444,-0.04142664337330082,-0.3513004146249529
2017-04-27,997955.9366999298,0.9979559366999298,997955.9366999298,0.0,0.0,0.0,1.3225806451612903,-0.04142664337330082,-0.3509234828496043
2017-04-28,997955.9366999298,0.9979559366999298,997955.9366999298,0.0,0.0,0.0,1.3175883256528418,-0.04142664337330082,-0.35337353938937055
2017-05-02,997955.9366999298,0.9979559366999298,997955.9366999298,0.0,0.0,0.0,1.3156682027649769,-0.04142664337330082,-0.35431586882774224
2017-05-03,997955.9366999298,0.9979559366999298,997955.9366999298,0.0,0.0,0.0,1.3091397849462365,-0.04142664337330082,-0.3575197889182058
2017-05-04,997955.9366999298,0.9979559366999298,997955.9366999298,0.0,0.0,0.0,1.304147465437788,-0.04142664337330082,-0.35996984545797206
2017-05-05,997955.9366999298,0.9979559366999298,997955.9366999298,0.0,0.0,0.0,1.2956989247311828,-0.04142664337330082,-0.3641160949868074
2017-05-08,997955.9366999298,0.9979559366999298,997955.9366999298,0.0,0.0,0.0,1.284562211981567,-0.04142664337330082,-0.36958160572936294
2017-05-09,997955.9366999298,0.9979559366999298,997955.9366999298,0.0,0.0,0.0,1.2857142857142856,-0.04142664337330082,-0.36901620806634006
2017-05-10,997955.9366999298,0.9979559366999298,997955.9366999298,0.0,0.0,0.0,1.2811059907834101,-0.04142664337330082,-0.3712777987184319
2017-05-11,997955.9366999298,0.9979559366999298,997955.9366999298,0.0,0.0,0.0,1.2876344086021505,-0.04142664337330082,-0.36807387862796836
2017-05-12,997955.9366999298,0.9979559366999298,997955.9366999298,0.0,0.0,0.0,1.2980030721966205,-0.04142664337330082,-0.36298529966076143
2017-05-15,997955.9366999298,0.9979559366999298,997955.9366999298,0.0,0.0,0.0,1.3033794162826422,-0.04142664337330082,-0.36034677723332076
2017-05-16,997955.9366999298,0.9979559366999298,997955.9366999298,0.0,0.0,0.0,1.3187403993855606,-0.04142664337330082,-0.35280814172634756
2017-05-17,997955.9366999298,0.9979559366999298,997955.9366999298,0.0,0.0,0.0,1.3099078341013826,-0.04142664337330082,-0.3571428571428571
2017-05-18,997955.9366999298,0.9979559366999298,997955.9366999298,0.0,0.0,0.0,1.304147465437788,-0.04142664337330082,-0.35996984545797206
2017-05-19,997955.9366999298,0.9979559366999298,997955.9366999298,0.0,0.0,0.0,1.3064516129032258,-0.04142664337330082,-0.3588390501319262
2017-05-22,997955.9366999298,0.9979559366999298,997955.9366999298,0.0,0.0,0.0,1.3076036866359446,-0.04142664337330082,-0.3582736524689032
2017-05-23,997955.9366999298,0.9979559366999298,997955.9366999298,0.0,0.0,0.0,1.3133640552995391,-0.04142664337330082,-0.3554466641537881
2017-05-24,997955.9366999298,0.9979559366999298,997955.9366999298,0.0,0.0,0.0,1.3133640552995391,-0.04142664337330082,-0.3554466641537881
2017-05-25,997955.9366999298,0.9979559366999298,997955.9366999298,0.0,0.0,0.0,1.3413978494623655,-0.04142664337330082,-0.341688654353562
2017-05-26,997955.9366999298,0.9979559366999298,997955.9366999298,0.0,0.0,0.0,1.3390937019969278,-0.04142664337330082,-0.342819449679608
2017-05-31,997955.9366999298,0.9979559366999298,997955.9366999298,0.0,0.0,0.0,1.3398617511520736,-0.04142664337330082,-0.3424425179042594
2017-06-01,997955.9366999298,0.9979559366999298,997955.9366999298,0.0,0.0,0.0,1.3429339477726574,-0.04142664337330082,-0.3409347908028647
2017-06-02,997955.9366999298,0.9979559366999298,997955.9366999298,0.0,0.0,0.0,1.3394777265745008,-0.04142664337330082,-0.3426309837919336
2017-06-05,997955.9366999298,0.9979559366999298,997955.9366999298,0.0,0.0,0.0,1.3306451612903225,-0.04142664337330082,-0.34696569920844333
2017-06-06,997955.9366999298,0.9979559366999298,997955.9366999298,0.0,0.0,0.0,1.3410138248847925,-0.04142664337330082,-0.3418771202412364
2017-06-07,997955.9366999298,0.9979559366999298,997955.9366999298,0.0,0.0,0.0,1.359447004608295,-0.04142664337330082,-0.3328307576328684
2017-06-08,997955.9366999298,0.9979559366999298,997955.9366999298,0.0,0.0,0.0,1.369047619047619,-0.04142664337330082,-0.32811911044101016
2017-06-09,997955.9366999298,0.9979559366999298,997955.9366999298,0.0,0.0,0.0,1.3774961597542243,-0.04142664337330082,-0.3239728609121748
2017-06-12,997955.9366999298,0.9979559366999298,997955.9366999298,0.0,0.0,0.0,1.3748079877112136,-0.04142664337330082,-0.3252921221258952
2017-06-13,997955.9366999298,0.9979559366999298,997955.9366999298,0.0,0.0,0.0,1.3774961597542243,-0.04142664337330082,-0.3239728609121748
2017-06-14,997955.9366999298,0.9979559366999298,997955.9366999298,0.0,0.0,0.0,1.3636712749615976,-0.04142664337330082,-0.33075763286845083
2017-06-15,997955.9366999298,0.9979559366999298,997955.9366999298,0.0,0.0,0.0,1.359062980030722,-0.04142664337330082,-0.3330192235205428
2017-06-16,997955.9366999298,0.9979559366999298,997955.9366999298,0.0,0.0,0.0,1.3567588325652842,-0.04142664337330082,-0.3341500188465888
2017-06-19,997955.9366999298,0.9979559366999298,997955.9366999298,0.0,0.0,0.0,1.3721198156682026,-0.04142664337330082,-0.3266113833396156
2017-06-20,997955.9366999298,0.9979559366999298,997955.9366999298,0.0,0.0,0.0,1.3678955453149,-0.04142664337330082,-0.32868450810403327
2017-06-21,997955.9366999298,0.9979559366999298,997955.9366999298,0.0,0.0,0.0,1.3851766513056836,-0.04142664337330082,-0.32020354315868826
2017-06-22,997955.9366999298,0.9979559366999298,997955.9366999298,0.0,0.0,0.0,1.3867127496159755,-0.04142664337330082,-0.319449679607991
2017-06-23,997955.9366999298,0.9979559366999298,997955.9366999298,0.0,0.0,0.0,1.4001536098310292,-0.04142664337330082,-0.31285337353938936
2017-06-26,997955.9366999298,0.9979559366999298,997955.9366999298,0.0,0.0,0.0,1.4174347158218126,-0.04142664337330082,-0.30437240859404446
2017-06-27,997955.9366999298,0.9979559366999298,997955.9366999298,0.0,0.0,0.0,1.4182027649769584,-0.04142664337330082,-0.3039954768186959
2017-06-28,997955.9366999298,0.9979559366999298,997955.9366999298,0.0,0.0,0.0,1.4086021505376345,-0.04142664337330082,-0.308707124010554
2017-06-29,997955.9366999298,0.9979559366999298,997955.9366999298,0.0,0.0,0.0,1.4170506912442395,-0.04142664337330082,-0.30456087448171887
2017-06-30,997955.9366999298,0.9979559366999298,997955.9366999298,0.0,0.0,0.0,1.4147465437788018,-0.04142664337330082,-0.30569166980776474
2017-07-03,997955.9366999298,0.9979559366999298,997955.9366999298,0.0,0.0,0.0,1.4086021505376345,-0.04142664337330082,-0.308707124010554
2017-07-04,997955.9366999298,0.9979559366999298,997955.9366999298,0.0,0.0,0.0,1.3970814132104454,-0.04142664337330082,-0.31436110064078404
2017-07-05,997955.9366999298,0.9979559366999298,997955.9366999298,0.0,0.0,0.0,1.4151305683563749,-0.04142664337330082,-0.30550320392009045
2017-07-06,997955.9366999298,0.9979559366999298,997955.9366999298,0.0,0.0,0.0,1.4139784946236558,-0.04142664337330082,-0.30606860158311355
2017-07-07,997955.9366999298,0.9979559366999298,997955.9366999298,0.0,0.0,0.0,1.41321044546851,-0.04142664337330082,-0.30644553335846214
2017-07-10,997955.9366999298,0.9979559366999298,997955.9366999298,0.0,0.0,0.0,1.4147465437788018,-0.04142664337330082,-0.30569166980776474
2017-07-11,997955.9366999298,0.9979559366999298,997955.9366999298,0.0,0.0,0.0,1.4262672811059907,-0.04142664337330082,-0.3000376931775349
2017-07-12,997955.9366999298,0.9979559366999298,997955.9366999298,0.0,0.0,0.0,1.4178187403993856,-0.04142664337330082,-0.30418394270637017
2017-07-13,997955.9366999298,0.9979559366999298,997955.9366999298,0.0,0.0,0.0,1.4324116743471582,-0.04142664337330082,-0.29702223897474556
2017-07-14,997955.9366999298,0.9979559366999298,997955.9366999298,0.0,0.0,0.0,1.4420122887864821,-0.04142664337330082,-0.29231059178288743
2017-07-17,975066.4759035907,0.9750664759035906,199351.6779151779,775714.7979884128,0.795550680039082,798364.7493599439,1.422427035330261,-0.06341281176013158,-0.3019223520542782
2017-07-18,968161.0029244655,0.9681610029244655,199351.6779151779,768809.3250092876,0.7940924316172534,0.0,1.423195084485407,-0.07004577236416809,-0.3015454202789295
2017-07-19,968309.4342246923,0.9683094342246923,968309.4342246923,0.0,0.0,769958.7026229242,1.4527649769585254,-0.06990319864477379,-0.287033546928006
2017-07-20,968309.4342246923,0.9683094342246923,968309.4342246923,0.0,0.0,0.0,1.4596774193548387,-0.06990319864477379,-0.283641160949868
2017-07-21,968309.4342246923,0.9683094342246923,968309.4342246923,0.0,0.0,0.0,1.4523809523809523,-0.06990319864477379,-0.2872220128156804
2017-07-24,967715.3900999799,0.96771539009998,193429.49258072436,774285.8975192555,0.8001173748401995,774647.5473797539,1.4596774193548387,-0.07047379986038749,-0.283641160949868
2017-07-25,964097.1806716227,0.9640971806716228,193429.49258072436,770667.6880908983,0.7993672251525776,0.0,1.4485407066052225,-0.07394922300200224,-0.28910667169242377
2017-07-26,962444.5980956929,0.9624445980956929,193429.49258072436,769015.1055149685,0.7990227250862576,0.0,1.4404761904761905,-0.07553658930612006,-0.2930644553335846
2017-07-27,968804.7945789018,0.9688047945789019,580571.6509261222,388233.14365277963,0.40073412706584305,387646.098273153,1.444700460829493,-0.06942738681780614,-0.29099133056916693
2017-07-28,966231.2794221125,0.9662312794221125,580571.6509261222,385659.6284959903,0.399138008372744,0.0,1.4500768049155144,-0.07189934271430687,-0.2883528081417265
2017-07-31,965537.3427695783,0.9655373427695784,965537.3427695783,0.0,0.0,385466.79868174234,1.455453149001536,-0.07256589437439875,-0.2857142857142857
2017-08-01,965537.3427695783,0.9655373427695784,965537.3427695783,0.0,0.0,0.0,1.466973886328725,-0.07256589437439875,-0.28006030908405577
2017-08-02,965537.3427695783,0.9655373427695784,965537.3427695783,0.0,0.0,0.0,1.466973886328725,-0.07256589437439875,-0.28006030908405577
2017-08-03,965537.3427695783,0.9655373427695784,965537.3427695783,0.0,0.0,0.0,1.4523809523809523,-0.07256589437439875,-0.2872220128156804
2017-08-04,965537.3427695783,0.9655373427695784,965537.3427695783,0.0,0.0,0.0,1.443548387096774,-0.07256589437439875,-0.29155672823219003
2017-08-07,960314.4024060857,0.9603144024060858,192875.7395916509,767438.6628144349,0.7991535489747971,772429.8742156627,1.4523809523809523,-0.07758272056038251,-0.2872220128156804
2017-08-08,961202.473981445,0.961202473981445,578061.3084795573,383141.1655018877,0.3986060958778637,385686.9619384263,1.4527649769585254,-0.07672969517157435,-0.287033546928006
2017-08-09,956881.333017138,0.956881333017138,578061.3084795573,378820.02453758067,0.3958902859387225,0.0,1.4516129032258063,-0.08088030988940476,-0.2875989445910291
2017-08-10,957601.5231778558,0.9576015231778557,578061.3084795573,379540.2146982985,0.3963446230105947,0.0,1.4485407066052225,-0.08018854076976645,-0.28910667169242377
2017-08-11,947158.7658474471,0.9471587658474471,578061.3084795573,369097.4573678898,0.38968911092497666,0.0,1.4208909370199694,-0.09021919300452319,-0.3026762156049755
2017-08-14,946135.1831942562,0.9461351831942562,946135.1831942562,0.0,0.0,368552.99360638723,1.4385560675883255,-0.091202381764238,-0.2940067847719563
2017-08-15,946135.1831942562,0.9461351831942562,946135.1831942562,0.0,0.0,0.0,1.4423963133640552,-0.091202381764238,-0.292122125895213
2017-08-16,946135.1831942562,0.9461351831942562,946135.1831942562,0.0,0.0,0.0,1.4400921658986174,-0.091202381764238,-0.293252921221259
2017-08-17,946135.1831942562,0.9461351831942562,946135.1831942562,0.0,0.0,0.0,1.4512288786482335,-0.091202381764238,-0.2877874104787034
2017-08-18,946135.1831942562,0.9461351831942562,946135.1831942562,0.0,0.0,0.0,1.4519969278033795,-0.091202381764238,-0.2874104787033547
2017-08-21,947099.6356498392,0.9470996356498392,188999.96419488452,758099.6714549547,0.8004434200154614,756908.146555405,1.4581413210445469,-0.09027598973262962,-0.2843950245005654
2017-08-22,944317.3800921242,0.9443173800921242,188999.96419488452,755317.4158972397,0.7998554636615431,0.0,1.4604454685099846,-0.09294844845637995,-0.28326422917451943
2017-08-23,942595.3214493529,0.9425953214493529,188999.96419488452,753595.3572544684,0.7994898129726822,0.0,1.4642857142857142,-0.09460254907626098,-0.28137957029777616
2017-08-24,940873.2628065816,0.9408732628065816,188999.96419488452,751873.298611697,0.7991228237997684,0.0,1.456605222734255,-0.096256649696142,-0.2851488880512627
2017-08-25,944964.6240149202,0.9449646240149202,188999.96419488452,755964.6598200357,0.7999925506291753,0.0,1.4819508448540706,-0.09232674687937203,-0.27271013946475686
2017-08-28,945405.2136025429,0.9454052136025429,945405.2136025429,0.0,0.0,757389.8562207452,1.4988479262672811,-0.09190354438678616,-0.26441764040708626
2017-08-29,945405.2136025429,0.9454052136025429,945405.2136025429,0.0,0.0,0.0,1.4957757296466974,-0.09190354438678616,-0.26592536750848095
2017-08-30,945405.2136025429,0.9454052136025429,945405.2136025429,0.0,0.0,0.0,1.4942396313364055,-0.09190354438678616,-0.26667923105917835
2017-08-31,945405.2136025429,0.9454052136025429,945405.2136025429,0.0,0.0,0.0,1.4915514592933947,-0.09190354438678616,-0.2679984922728986
2017-09-01,945405.2136025429,0.9454052136025429,945405.2136025429,0.0,0.0,0.0,1.4934715821812594,-0.09190354438678616,-0.26705616283452704
2017-09-04,946303.4447308263,0.9463034447308263,75371.48524924915,870931.9594815772,0.9203516740122526,869772.7965143395,1.4988479262672811,-0.09104076037398445,-0.26441764040708626
2017-09-05,946697.4668530134,0.9466974668530134,75371.48524924915,871325.9816037642,0.9203848242038747,0.0,1.5042242703533024,-0.09066228764351603,-0.2617791179796458
2017-09-06,948255.9675627338,0.9482559675627338,75371.48524924915,872884.4823134847,0.9205156752738677,0.0,1.499615975422427,-0.08916529042982946,-0.2640407086317377
2017-09-07,942780.2109986908,0.9427802109986908,75371.48524924915,867408.7257494417,0.9200540228040979,0.0,1.4930875576036866,-0.09442495586858879,-0.2672446287222012
2017-09-08,940782.5005846657,0.9407825005846657,75371.48524924915,865411.0153354165,0.9198842610248297,0.0,1.4915514592933947,-0.09634383014621728,-0.2679984922728986
2017-09-11,942278.1945148195,0.9422781945148195,187667.03525904598,754611.1592557735,0.8008369116981678,112554.36878080826,1.4938556067588327,-0.09490716115273967,-0.26686769694685253
2017-09-12,941067.3905912776,0.9410673905912776,187667.03525904598,753400.3553322316,0.8005806628352792,0.0,1.497695852534562,-0.09607018282386115,-0.26498303807010937
2017-09-13,941963.402797759,0.941963402797759,187667.03525904598,754296.367538713,0.8007703540268661,0.0,1.4988479262672811,-0.09520953016700573,-0.26441764040708626
2017-09-14,939783.7504495111,0.9397837504495111,187667.03525904598,752116.7151904651,0.8003082781871017,0.0,1.4938556067588327,-0.09730316635965008,-0.26686769694685253
2017-09-15,941153.5695032849,0.9411535695032849,187667.03525904598,753486.5342442389,0.8005989231299505,0.0,1.4961597542242702,-0.09598740481141055,-0.26573690162080676
2017-09-18,938182.6588648341,0.9381826588648341,938182.6588648341,0.0,0.0,751492.5639389087,1.5019201228878647,-0.09884107367414119,-0.2629099133056917
2017-09-19,938182.6588648341,0.9381826588648341,938182.6588648341,0.0,0.0,0.0,1.4923195084485408,-0.09884107367414119,-0.2676215604975499
2017-09-20,938182.6588648341,0.9381826588648341,938182.6588648341,0.0,0.0,0.0,1.499231950844854,-0.09884107367414119,-0.2642291745194121
2017-09-21,938182.6588648341,0.9381826588648341,938182.6588648341,0.0,0.0,0.0,1.499615975422427,-0.09884107367414119,-0.2640407086317377
2017-09-22,938182.6588648341,0.9381826588648341,938182.6588648341,0.0,0.0,0.0,1.4953917050691243,-0.09884107367414119,-0.26611383339615535
2017-09-25,938182.6588648341,0.9381826588648341,938182.6588648341,0.0,0.0,0.0,1.489247311827957,-0.09884107367414119,-0.2691292875989446
2017-09-26,938182.6588648341,0.9381826588648341,938182.6588648341,0.0,0.0,0.0,1.4900153609831028,-0.09884107367414119,-0.2687523558235959
2017-09-27,938182.6588648341,0.9381826588648341,938182.6588648341,0.0,0.0,0.0,1.4911674347158217,-0.09884107367414119,-0.26818695816057303
2017-09-28,938182.6588648341,0.9381826588648341,938182.6588648341,0.0,0.0,0.0,1.4934715821812594,-0.09884107367414119,-0.26705616283452704
2017-09-29,938182.6588648341,0.9381826588648341,938182.6588648341,0.0,0.0,0.0,1.498463901689708,-0.09884107367414119,-0.26460610629476067
2017-10-09,938182.6588648341,0.9381826588648341,938182.6588648341,0.0,0.0,0.0,1.5142089093701996,-0.09884107367414119,-0.2568790049001132
2017-10-10,938182.6588648341,0.9381826588648341,938182.6588648341,0.0,0.0,0.0,1.5161290322580645,-0.09884107367414119,-0.25593667546174137
2017-10-11,938182.6588648341,0.9381826588648341,938182.6588648341,0.0,0.0,0.0,1.521889400921659,-0.09884107367414119,-0.2531096871466264
2017-10-12,938182.6588648341,0.9381826588648341,938182.6588648341,0.0,0.0,0.0,1.5284178187403994,-0.09884107367414119,-0.24990576705616285
2017-10-13,938182.6588648341,0.9381826588648341,938182.6588648341,0.0,0.0,0.0,1.531490015360983,-0.09884107367414119,-0.24839803995476828
2017-10-16,932077.3856728628,0.9320773856728628,74795.67429534008,857281.7113775227,0.9197537935743979,863128.0461556474,1.5261136712749617,-0.10470541297162927,-0.25103656238220873
2017-10-17,929648.5284643191,0.9296485284643191,74795.67429534008,854852.854168979,0.9195441373753427,0.0,1.5253456221198156,-0.10703841959200144,-0.25141349415755754
2017-10-18,929769.5841100708,0.9297695841100708,74795.67429534008,854973.9098147308,0.9195546126980151,0.0,1.5345622119815667,-0.1069221411949105,-0.2468903128533736
2017-10-19,927740.5208431877,0.9277405208431877,74795.67429534008,852944.8465478476,0.9193786704203012,0.0,1.530337941628264,-0.1088711310400694,-0.24896343761779127
2017-10-20,922904.7612158398,0.9229047612158398,489405.9784098831,433498.78280595667,0.4697112866064999,415149.9991133904,1.5295698924731183,-0.11351605589833047,-0.24934036939313986
2017-10-23,922720.244651285,0.922720244651285,184354.41011304705,738365.8345382379,0.8002055214658063,433531.16140905675,1.534178187403994,-0.11369329084040958,-0.24707877874104778
2017-10-24,923801.4581307995,0.9238014581307995,184354.41011304705,739447.0480177524,0.8004393601130854,0.0,1.5441628264208909,-0.1126547455538155,-0.24217866566151525
2017-10-25,926225.2292681632,0.9262252292681632,184354.41011304705,741870.8191551161,0.8009615757727624,0.0,1.5491551459293393,-0.110326624291748,-0.23972860912174898
2017-10-26,922946.6341003319,0.922946634100332,184354.41011304705,738592.2239872848,0.8002545290251243,0.0,1.5602918586789554,-0.1134758354537565,-0.23426309837919335
2017-10-27,919518.5819480182,0.9195185819480182,548099.8386470091,371418.74330100906,0.40392739265165384,364218.91312101943,1.5679723502304148,-0.1167686055425855,-0.2304937806257067
2017-10-30,911217.7098205528,0.9112177098205528,183786.8723555837,727430.8374649691,0.7983062989504702,371420.54985954915,1.5610599078341014,-0.12474189831587756,-0.23388616660384465
2017-10-31,906983.7911211787,0.9069837911211787,543003.523540498,363980.26758068067,0.40130845903072004,359684.2406978214,1.5599078341013826,-0.12880873284242433,-0.23445156426686764
2017-11-01,906328.8654220266,0.9063288654220266,906328.8654220266,0.0,0.0,363798.2796450672,1.5545314900153608,-0.12943781304796254,-0.23709008669430842
2017-11-02,906328.8654220266,0.9063288654220266,906328.8654220266,0.0,0.0,0.0,1.5572196620583716,-0.12943781304796254,-0.23577082548058803
2017-11-03,906328.8654220266,0.9063288654220266,906328.8654220266,0.0,0.0,0.0,1.552995391705069,-0.12943781304796254,-0.2378439502450057
2017-11-06,906328.8654220266,0.9063288654220266,906328.8654220266,0.0,0.0,0.0,1.5668202764976957,-0.12943781304796254,-0.2310591782887298
2017-11-07,906328.8654220266,0.9063288654220266,906328.8654220266,0.0,0.0,0.0,1.5821812596006144,-0.12943781304796254,-0.22352054278175648
2017-11-08,906328.8654220266,0.9063288654220266,906328.8654220266,0.0,0.0,0.0,1.5787250384024576,-0.12943781304796254,-0.22521673577082557
2017-11-09,906328.8654220266,0.9063288654220266,906328.8654220266,0.0,0.0,0.0,1.5906298003072197,-0.12943781304796254,-0.21937429325292124
2017-11-10,906328.8654220266,0.9063288654220266,906328.8654220266,0.0,0.0,0.0,1.6048387096774195,-0.12943781304796254,-0.21240105540897092
2017-11-13,906328.8654220266,0.9063288654220266,906328.8654220266,0.0,0.0,0.0,1.6082949308755758,-0.12943781304796254,-0.21070486241990205
2017-11-14,906328.8654220266,0.9063288654220266,906328.8654220266,0.0,0.0,0.0,1.596006144393241,-0.12943781304796254,-0.21673577082548068
2017-11-15,906328.8654220266,0.9063288654220266,906328.8654220266,0.0,0.0,0.0,1.5844854070660523,-0.12943781304796254,-0.2223897474557105
2017-11-16,906328.8654220266,0.9063288654220266,906328.8654220266,0.0,0.0,0.0,1.5994623655913978,-0.12943781304796254,-0.2150395778364116
2017-11-17,906328.8654220266,0.9063288654220266,906328.8654220266,0.0,0.0,0.0,1.6013824884792627,-0.12943781304796254,-0.2140972483980399
2017-11-20,914597.7139571606,0.9145977139571606,181048.25415670406,733549.4598004565,0.802046023739368,725063.0923376214,1.6140552995391706,-0.12149528011211763,-0.20787787410478697
2017-11-21,914236.7864636523,0.9142367864636523,181048.25415670406,733188.5323069482,0.8019678743654426,0.0,1.6459293394777263,-0.12184196423536187,-0.1922352054278177
2017-11-22,921721.6704009343,0.9217216704009343,540770.8559149071,380950.81448602723,0.41330352395894054,360190.8498630249,1.6455453149001535,-0.11465245811002367,-0.19242367131549187
2017-11-23,915640.9335001083,0.9156409335001083,540770.8559149071,374870.07758520124,0.4094072947921096,0.0,1.5933179723502304,-0.12049322939804619,-0.21805503203920085
2017-11-24,918860.31772641,0.91886031772641,540770.8559149071,378089.46181150293,0.41147653731203876,0.0,1.594854070660522,-0.11740089252164865,-0.21730116848850367
2017-11-27,913401.8007599915,0.9134018007599916,183385.47587410055,730016.3248858909,0.799228033356716,623185.387706225,1.5691244239631337,-0.12264399869325593,-0.2299283829626837
2017-11-28,910044.087980415,0.910044087980415,428209.2929783778,481834.7950020372,0.5294631341118132,245142.5023573418,1.57642089093702,-0.12586920522927836,-0.22634753109687145
2017-11-29,919180.4275915261,0.9191804275915261,428209.2929783778,490971.1346131483,0.5341401099016119,0.0,1.574884792626728,-0.11709341523070904,-0.22710139464756884
2017-11-30,911378.9885456027,0.9113789885456026,428209.2929783778,483169.6955672249,0.5301523314008775,0.0,1.5568356374807988,-0.12458698417273939,-0.23595929136826232
2017-12-01,911235.2312936322,0.9112352312936322,428209.2929783778,483025.9383152544,0.5300782078295284,0.0,1.5579877112135179,-0.12472506829699093,-0.23539389370523922
2017-12-04,910882.794502314,0.9108827945023139,181932.6170367435,728950.1774655704,0.8002678081803626,246202.8150971052,1.564516129032258,-0.12506359678870949,-0.23218997361477578
2017-12-05,914673.7758716547,0.9146737758716548,181932.6170367435,732741.1588349112,0.8010956235589376,0.0,1.5741167434715821,-0.12142221984762414,-0.22747832642291743
2017-12-06,908870.6325579078,0.9088706325579078,181932.6170367435,726938.0155211643,0.7998256181688741,0.0,1.56221198156682,-0.12699635229242856,-0.23332076894082177
2017-12-07,906148.2646267585,0.9061482646267586,541842.9921350514,364305.2724917071,0.402037157398038,360378.867626222,1.544546850998464,-0.12961128674971933,-0.24199019977384095
2017-12-08,905791.9740702617,0.9057919740702617,541842.9921350514,363948.9819352103,0.4018019505072133,0.0,1.5595238095238095,-0.1299535169245355,-0.23464003015454205
2017-12-11,907629.9387785626,0.9076299387785626,181050.15888948785,726579.7798890747,0.8005242542647557,360684.6278572064,1.5852534562211982,-0.12818808426863748,-0.2220128156803618
2017-12-12,898414.7274302294,0.8984147274302294,181050.15888948785,717364.5685407416,0.7984781934648905,0.0,1.5602918586789554,-0.13703963346970427,-0.23426309837919335
2017-12-13,897123.6327215377,0.8971236327215377,897123.6327215377,0.0,0.0,717005.5810874635,1.5714285714285712,-0.13827977739101416,-0.22879758763663793
2017-12-14,897123.6327215377,0.8971236327215377,897123.6327215377,0.0,0.0,0.0,1.5664362519201227,-0.13827977739101416,-0.2312476441764042
2017-12-15,897123.6327215377,0.8971236327215377,897123.6327215377,0.0,0.0,0.0,1.545698924731183,-0.13827977739101416,-0.24142480211081785
2017-12-18,897123.6327215377,0.8971236327215377,897123.6327215377,0.0,0.0,0.0,1.5460829493087556,-0.13827977739101416,-0.24123633622314367
2017-12-19,897123.6327215377,0.8971236327215377,897123.6327215377,0.0,0.0,0.0,1.5664362519201227,-0.13827977739101416,-0.2312476441764042
2017-12-20,897123.6327215377,0.8971236327215377,897123.6327215377,0.0,0.0,0.0,1.5629800307219663,-0.13827977739101416,-0.23294383716547296
2017-12-21,897123.6327215377,0.8971236327215377,897123.6327215377,0.0,0.0,0.0,1.5821812596006144,-0.13827977739101416,-0.22352054278175648
2017-12-22,897123.6327215377,0.8971236327215377,897123.6327215377,0.0,0.0,0.0,1.574884792626728,-0.13827977739101416,-0.22710139464756884
2017-12-25,897123.6327215377,0.8971236327215377,897123.6327215377,0.0,0.0,0.0,1.5675883256528416,-0.13827977739101416,-0.2306822465133812
2017-12-26,897123.6327215377,0.8971236327215377,897123.6327215377,0.0,0.0,0.0,1.5721966205837175,-0.13827977739101416,-0.228420655861289
2017-12-27,897123.6327215377,0.8971236327215377,897123.6327215377,0.0,0.0,0.0,1.5460829493087556,-0.13827977739101416,-0.24123633622314367
2017-12-28,897123.6327215377,0.8971236327215377,897123.6327215377,0.0,0.0,0.0,1.5602918586789554,-0.13827977739101416,-0.23426309837919335
2017-12-29,897123.6327215377,0.8971236327215377,897123.6327215377,0.0,0.0,0.0,1.5652841781874038,-0.13827977739101416,-0.23181304183942708
2018-01-02,905133.8168273595,0.9051338168273595,179209.41687245446,725924.399954905,0.8020078207876351,717698.9061772302,1.588325652841782,-0.13058570114661971,-0.2205050885789671
2018-01-03,909028.584610097,0.909028584610097,179209.41687245446,729819.1677376425,0.802856125861739,0.0,1.5967741935483872,-0.1268446335408434,-0.21635883905013187
2018-01-04,908671.6606876977,0.9086716606876977,179209.41687245446,729462.2438152432,0.8027786882482658,0.0,1.6017665130568357,-0.12718747208688796,-0.2139087825103656
2018-01-05,919197.5999370819,0.9191975999370819,179209.41687245446,739988.1830646275,0.8050371140169196,0.0,1.607910906298003,-0.11707692056164065,-0.21089332830757634
2018-01-08,924067.3286380444,0.9240673286380444,74645.89067438402,849421.4379636603,0.919220290166083,104532.166548106,1.6144393241167434,-0.1123993671596546,-0.20768940821711268
2018-01-09,924935.9777500595,0.9249359777500594,74645.89067438402,850290.0870756754,0.9192961540365605,0.0,1.6274961597542243,-0.11156499776075257,-0.20128156803618535
2018-01-10,930805.1124821845,0.9308051124821846,74645.89067438402,856159.2218078005,0.9198050272034655,0.0,1.6344086021505377,-0.10592747813311076,-0.1978891820580474
2018-01-11,930770.895053084,0.930770895053084,116143.13102326964,814627.7640298144,0.8752183468127829,41551.25698296348,1.6321044546850998,-0.10596034523140829,-0.1990199773840935
2018-01-12,936203.970372157,0.9362039703721571,116143.13102326964,820060.8393488874,0.8759424925562954,0.0,1.6409370199692779,-0.1007416766971726,-0.19468526196758396
2018-01-15,940489.0505637297,0.9404890505637297,74820.88833489886,865668.1622288309,0.9204447002439303,55644.800110092336,1.637864823348694,-0.09662569967695134,-0.19619298906897864
2018-01-16,957620.1639271259,0.9576201639271259,74820.88833489886,882799.275592227,0.9218678854588188,0.0,1.6543778801843316,-0.08017063564495996,-0.18808895589898234
2018-01-17,955891.8061367443,0.9558918061367443,74820.88833489886,881070.9178018455,0.9217266139802066,0.0,1.6493855606758832,-0.08183078682764311,-0.1905390124387486
2018-01-18,957932.8164041745,0.9579328164041746,74820.88833489886,883111.9280692757,0.9218933864112134,0.0,1.6601382488479264,-0.07987032144935202,-0.18526196758386726
2018-01-19,962199.7902903104,0.9621997902903104,74820.88833489886,887378.9019554115,0.9222397582186915,0.0,1.6647465437788018,-0.07577173620099198,-0.1830003769317754
2018-01-22,958034.7925713989,0.9580347925713989,76029.84450520534,882004.9480661936,0.9206397877251008,609699.6732573323,1.6858678955453148,-0.07977236959264444,-0.17263475310968723
2018-01-23,968643.5494593391,0.9686435494593392,76029.84450520534,892613.7049541338,0.9215089549219191,0.0,1.685099846390169,-0.06958226868163875,-0.17301168488503582
2018-01-24,976576.1774264737,0.9765761774264737,76029.84450520534,900546.3329212684,0.9221465296178295,0.0,1.6862519201228878,-0.06196268795899462,-0.17244628722201283
2018-01-25,967925.0396388583,0.9679250396388583,76029.84450520534,891895.195133653,0.9214506894732544,0.0,1.675499231950845,-0.07027242377271936,-0.17772333207689395
2018-01-26,969719.0914590871,0.9697190914590871,76029.84450520534,893689.2469538818,0.9215960114894644,0.0,1.6839477726574499,-0.06854917105981317,-0.17357708254805893
2018-01-29,961099.5103954016,0.9610995103954016,77574.55157026133,883524.9588251403,0.9192856195105679,8136.947277282423,1.652073732718894,-0.07682859548034982,-0.18921975122502832
2018-01-30,947636.1248513744,0.9476361248513744,77574.55157026133,870061.5732811131,0.9181388831262337,0.0,1.6351766513056836,-0.08976067213613315,-0.1975122502826988
2018-01-31,945058.0160707898,0.9450580160707898,371739.3891153283,573318.6269554615,0.6066491339220775,294547.7496195725,1.640168970814132,-0.09223704037712588,-0.19506219374293254
2018-02-01,938773.1158658981,0.9387731158658981,653231.5011521138,285541.6147137843,0.3041646697034019,281858.5281233458,1.628648233486943,-0.09827391802263485,-0.20071617037316258
2018-02-02,938245.7205035216,0.9382457205035216,653231.5011521138,285014.21935140784,0.303773535144345,0.0,1.6386328725038404,-0.09878050065237931,-0.19581605729362983
2018-02-05,957028.4763094845,0.9570284763094844,186296.26364988508,770732.2126595994,0.8053388501371609,466795.1989425459,1.6370967741935483,-0.08073897334891977,-0.19656992084432723
2018-02-06,930775.8403429644,0.9307758403429643,186296.26364988508,744479.5766930793,0.7998484107825143,0.0,1.5910138248847925,-0.10595559509871622,-0.21918582736524694
2018-02-07,928143.2182692686,0.9281432182692686,557747.7021151867,370395.5161540819,0.39907151058515244,371934.9539053787,1.553379416282642,-0.10848432536135388,-0.23765548435733141
2018-02-08,915054.922310448,0.915054922310448,557747.7021151867,357307.2201952613,0.39047625610612113,0.0,1.540706605222734,-0.12105611468429545,-0.24387485865058434
2018-02-09,903306.901936158,0.9033069019361579,903306.901936158,0.0,0.0,346009.011535968,1.4696620583717357,-0.13234052004706276,-0.2787410478703355
2018-02-12,903306.901936158,0.9033069019361579,903306.901936158,0.0,0.0,0.0,1.4907834101382489,-0.13234052004706276,-0.2683754240482472
2018-02-13,903306.901936158,0.9033069019361579,903306.901936158,0.0,0.0,0.0,1.508832565284178,-0.13234052004706276,-0.25951752732755373
2018-02-14,903306.901936158,0.9033069019361579,903306.901936158,0.0,0.0,0.0,1.5222734254992318,-0.13234052004706276,-0.2529212212589522
2018-02-22,903306.901936158,0.9033069019361579,903306.901936158,0.0,0.0,0.0,1.553763440860215,-0.13234052004706276,-0.237467018469657
2018-02-23,903306.901936158,0.9033069019361579,903306.901936158,0.0,0.0,0.0,1.56221198156682,-0.13234052004706276,-0.23332076894082177
2018-02-26,903306.901936158,0.9033069019361579,903306.901936158,0.0,0.0,0.0,1.5821812596006144,-0.13234052004706276,-0.22352054278175648
2018-02-27,903306.901936158,0.9033069019361579,903306.901936158,0.0,0.0,0.0,1.5595238095238095,-0.13234052004706276,-0.23464003015454205
2018-02-28,903306.901936158,0.9033069019361579,903306.901936158,0.0,0.0,0.0,1.5437788018433178,-0.13234052004706276,-0.24236713154918965
2018-03-01,903306.901936158,0.9033069019361579,903306.901936158,0.0,0.0,0.0,1.554915514592934,-0.13234052004706276,-0.2369016208066339
2018-03-02,903306.901936158,0.9033069019361579,903306.901936158,0.0,0.0,0.0,1.544546850998464,-0.13234052004706276,-0.24199019977384095
2018-03-05,909197.184412634,0.909197184412634,180444.58673076693,728752.5976818671,0.8015341558197422,722645.5215489264,1.541090629800307,-0.1266826872336959,-0.24368639276290993
2018-03-06,909197.184412634,0.909197184412634,180444.58673076693,728752.5976818671,0.8015341558197422,0.0,1.5641321044546852,-0.1266826872336959,-0.23237843950244996
2018-03-07,904885.0388642205,0.9048850388642204,180444.58673076693,724440.4521334536,0.8005883852856551,0.0,1.5514592933947773,-0.130824661523938,-0.238597813795703
2018-03-08,909197.184412634,0.909197184412634,180444.58673076693,728752.5976818671,0.8015341558197422,0.0,1.567204301075269,-0.1266826872336959,-0.23087071240105528
2018-03-09,935070.0577031145,0.9350700577031145,180444.58673076693,754625.4709723475,0.8070255963772308,0.0,1.5787250384024576,-0.10183084149224364,-0.22521673577082557
2018-03-12,944508.1860581543,0.9445081860581543,190589.1689141349,753919.0171440195,0.7982133223116394,10167.963415241451,1.5833333333333333,-0.09276517231301962,-0.2229551451187335
2018-03-13,940252.7635719229,0.9402527635719229,190589.1689141349,749663.594657788,0.7973000704724267,0.0,1.5664362519201227,-0.096852662017205,-0.2312476441764042
2018-03-14,928195.7331942669,0.928195733194267,190589.1689141349,737606.5642801321,0.7946670490950798,0.0,1.5610599078341014,-0.1084338828457303,-0.23388616660384465
2018-03-15,931032.6815184213,0.9310326815184212,190589.1689141349,740443.5126042864,0.7952927188299095,0.0,1.5725806451612903,-0.10570888970960679,-0.22823218997361483
2018-03-16,920394.1253028424,0.9203941253028424,190589.1689141349,729804.9563887075,0.7929265695264794,0.0,1.555299539170507,-0.11592761397007034,-0.2367131549189596
2018-03-19,924036.6771616421,0.9240366771616422,924036.6771616421,0.0,0.0,734402.2311479996,1.5637480798771122,-0.11242880902932029,-0.23256690539012437
2018-03-20,924036.6771616421,0.9240366771616422,924036.6771616421,0.0,0.0,0.0,1.5629800307219663,-0.11242880902932029,-0.23294383716547296
2018-03-21,924036.6771616421,0.9240366771616422,924036.6771616421,0.0,0.0,0.0,1.554915514592934,-0.11242880902932029,-0.2369016208066339
2018-03-22,924036.6771616421,0.9240366771616422,924036.6771616421,0.0,0.0,0.0,1.541090629800307,-0.11242880902932029,-0.24368639276290993
2018-03-23,924036.6771616421,0.9240366771616422,924036.6771616421,0.0,0.0,0.0,1.4953917050691243,-0.11242880902932029,-0.26611383339615535
2018-03-26,924036.6771616421,0.9240366771616422,924036.6771616421,0.0,0.0,0.0,1.488479262672811,-0.11242880902932029,-0.2695062193742933
2018-03-27,924036.6771616421,0.9240366771616422,924036.6771616421,0.0,0.0,0.0,1.5019201228878647,-0.11242880902932029,-0.2629099133056917
2018-03-28,924036.6771616421,0.9240366771616422,924036.6771616421,0.0,0.0,0.0,1.4715821812596006,-0.11242880902932029,-0.2777987184319638
2018-03-29,924036.6771616421,0.9240366771616422,924036.6771616421,0.0,0.0,0.0,1.498463901689708,-0.11242880902932029,-0.26460610629476067
2018-03-30,924036.6771616421,0.9240366771616422,924036.6771616421,0.0,0.0,0.0,1.4961597542242702,-0.11242880902932029,-0.26573690162080676
2018-04-02,919333.0855733289,0.9193330855733289,184585.56662980956,734747.5189435193,0.7992179662339733,739229.3417293137,1.4911674347158217,-0.11694678162831118,-0.26818695816057303
2018-04-03,910422.9011085287,0.9104229011085287,184585.56662980956,725837.3344787192,0.797252939919395,0.0,1.4815668202764978,-0.12550534129661717,-0.27289860535243116
2018-04-04,896029.5262038517,0.8960295262038517,184585.56662980956,711443.9595740421,0.7939961114765594,0.0,1.477726574500768,-0.13933070691464988,-0.27478326422917454
2018-04-09,894065.2239825473,0.8940652239825473,894065.2239825473,0.0,0.0,710403.181488673,1.4796466973886329,-0.14121749139526685,-0.27384093479080285
2018-04-10,894065.2239825473,0.8940652239825473,894065.2239825473,0.0,0.0,0.0,1.508448540706605,-0.14121749139526685,-0.25970599321522814
2018-04-11,894065.2239825473,0.8940652239825473,894065.2239825473,0.0,0.0,0.0,1.51036866359447,-0.14121749139526685,-0.25876366377685645
2018-04-12,894065.2239825473,0.8940652239825473,894065.2239825473,0.0,0.0,0.0,1.4946236559139785,-0.14121749139526685,-0.26649076517150394
2018-04-13,894065.2239825473,0.8940652239825473,894065.2239825473,0.0,0.0,0.0,1.4842549923195085,-0.14121749139526685,-0.2715793441387109
2018-04-16,894065.2239825473,0.8940652239825473,894065.2239825473,0.0,0.0,0.0,1.4608294930875574,-0.14121749139526685,-0.28307576328684514
2018-04-17,894065.2239825473,0.8940652239825473,894065.2239825473,0.0,0.0,0.0,1.4393241167434716,-0.14121749139526685,-0.2936298529966076
2018-04-18,894065.2239825473,0.8940652239825473,894065.2239825473,0.0,0.0,0.0,1.4423963133640552,-0.14121749139526685,-0.292122125895213
2018-04-19,894065.2239825473,0.8940652239825473,894065.2239825473,0.0,0.0,0.0,1.4627496159754225,-0.14121749139526685,-0.28213343384847334
2018-04-20,894065.2239825473,0.8940652239825473,894065.2239825473,0.0,0.0,0.0,1.4400921658986174,-0.14121749139526685,-0.293252921221259
2018-04-23,894065.2239825473,0.8940652239825473,894065.2239825473,0.0,0.0,0.0,1.446236559139785,-0.14121749139526685,-0.29023746701846964
2018-04-24,894065.2239825473,0.8940652239825473,894065.2239825473,0.0,0.0,0.0,1.476574500768049,-0.14121749139526685,-0.27534866189219753
2018-04-25,894065.2239825473,0.8940652239825473,894065.2239825473,0.0,0.0,0.0,1.467741935483871,-0.14121749139526685,-0.27968337730870707
2018-04-26,894065.2239825473,0.8940652239825473,894065.2239825473,0.0,0.0,0.0,1.4385560675883255,-0.14121749139526685,-0.2940067847719563
2018-04-27,894065.2239825473,0.8940652239825473,894065.2239825473,0.0,0.0,0.0,1.4416282642089093,-0.14121749139526685,-0.2924990576705616
2018-05-02,894065.2239825473,0.8940652239825473,894065.2239825473,0.0,0.0,0.0,1.446236559139785,-0.14121749139526685,-0.29023746701846964
2018-05-03,894065.2239825473,0.8940652239825473,894065.2239825473,0.0,0.0,0.0,1.45468509984639,-0.14121749139526685,-0.2860912174896344
2018-05-04,894065.2239825473,0.8940652239825473,894065.2239825473,0.0,0.0,0.0,1.4477726574500767,-0.14121749139526685,-0.28948360346777235
2018-05-07,894065.2239825473,0.8940652239825473,894065.2239825473,0.0,0.0,0.0,1.4711981566820276,-0.14121749139526685,-0.2779871843196382
2018-05-08,894065.2239825473,0.8940652239825473,894065.2239825473,0.0,0.0,0.0,1.4903993855606756,-0.14121749139526685,-0.26856388993592173
2018-05-09,894065.2239825473,0.8940652239825473,894065.2239825473,0.0,0.0,0.0,1.4861751152073732,-0.14121749139526685,-0.2706370147003393
2018-05-10,894065.2239825473,0.8940652239825473,894065.2239825473,0.0,0.0,0.0,1.4961597542242702,-0.14121749139526685,-0.26573690162080676
2018-05-11,894065.2239825473,0.8940652239825473,894065.2239825473,0.0,0.0,0.0,1.4873271889400923,-0.14121749139526685,-0.2700716170373162
2018-05-14,894065.2239825473,0.8940652239825473,894065.2239825473,0.0,0.0,0.0,1.500384024577573,-0.14121749139526685,-0.263663776856389
2018-05-15,894065.2239825473,0.8940652239825473,894065.2239825473,0.0,0.0,0.0,1.5061443932411673,-0.14121749139526685,-0.260836788541274
2018-05-16,894065.2239825473,0.8940652239825473,894065.2239825473,0.0,0.0,0.0,1.4938556067588327,-0.14121749139526685,-0.26686769694685253
2018-05-17,894065.2239825473,0.8940652239825473,894065.2239825473,0.0,0.0,0.0,1.4811827956989247,-0.14121749139526685,-0.27308707124010556
2018-05-18,894065.2239825473,0.8940652239825473,894065.2239825473,0.0,0.0,0.0,1.4973118279569892,-0.14121749139526685,-0.26517150395778366
2018-05-21,896893.6974221112,0.8968936974221112,178598.4691427537,718295.2282793575,0.8008699697008813,715252.1791860379,1.5046082949308757,-0.13850063869728302,-0.2615906520919713
2018-05-22,897137.6541440277,0.8971376541440277,178598.4691427537,718539.1850012741,0.8009241187037712,0.0,1.498463901689708,-0.13826630929936146,-0.26460610629476067
2018-05-23,890286.941645375,0.890286941645375,531809.468052573,358477.47359280195,0.4026538600356031,353670.7709120049,1.4788786482334868,-0.14484667044920696,-0.27421786656615155
2018-05-24,888913.4647350577,0.8889134647350577,531809.468052573,357103.99668248463,0.4017308892816919,0.0,1.466973886328725,-0.14616594550309947,-0.28006030908405577
2018-05-25,883076.1878662093,0.8830761878662093,531809.468052573,351266.7198136363,0.3977762333988503,0.0,1.4635176651305684,-0.15177286448214244,-0.28175650207312475
2018-05-28,881415.8819354337,0.8814158819354337,881415.8819354337,0.0,0.0,350061.49382483296,1.4727342549923195,-0.15336764935245806,-0.2772333207689408
2018-05-29,881415.8819354337,0.8814158819354337,881415.8819354337,0.0,0.0,0.0,1.4589093701996927,-0.15336764935245806,-0.2840180927252167
2018-05-30,881415.8819354337,0.8814158819354337,881415.8819354337,0.0,0.0,0.0,1.4312596006144391,-0.15336764935245806,-0.29758763663776866
2018-05-31,881415.8819354337,0.8814158819354337,881415.8819354337,0.0,0.0,0.0,1.4604454685099846,-0.15336764935245806,-0.28326422917451943
2018-06-01,881415.8819354337,0.8814158819354337,881415.8819354337,0.0,0.0,0.0,1.4504608294930876,-0.15336764935245806,-0.28816434225405196
2018-06-04,881415.8819354337,0.8814158819354337,881415.8819354337,0.0,0.0,0.0,1.4646697388632872,-0.15336764935245806,-0.28119110441010176
2018-06-05,881415.8819354337,0.8814158819354337,881415.8819354337,0.0,0.0,0.0,1.476958525345622,-0.15336764935245806,-0.2751601960045231
2018-06-06,881415.8819354337,0.8814158819354337,881415.8819354337,0.0,0.0,0.0,1.4742703533026114,-0.15336764935245806,-0.2764794572182435
2018-06-07,881415.8819354337,0.8814158819354337,881415.8819354337,0.0,0.0,0.0,1.4738863287250383,-0.15336764935245806,-0.2766679231059178
2018-06-08,881415.8819354337,0.8814158819354337,881415.8819354337,0.0,0.0,0.0,1.454301075268817,-0.15336764935245806,-0.2862796833773088
2018-06-11,881415.8819354337,0.8814158819354337,881415.8819354337,0.0,0.0,0.0,1.4581413210445469,-0.15336764935245806,-0.2843950245005654
2018-06-12,881415.8819354337,0.8814158819354337,881415.8819354337,0.0,0.0,0.0,1.4727342549923195,-0.15336764935245806,-0.2772333207689408
2018-06-13,881415.8819354337,0.8814158819354337,881415.8819354337,0.0,0.0,0.0,1.4577572964669738,-0.15336764935245806,-0.2845834903882397
2018-06-14,881415.8819354337,0.8814158819354337,881415.8819354337,0.0,0.0,0.0,1.4539170506912442,-0.15336764935245806,-0.286468149264983
2018-06-15,881415.8819354337,0.8814158819354337,881415.8819354337,0.0,0.0,0.0,1.4516129032258063,-0.15336764935245806,-0.2875989445910291
2018-06-19,881415.8819354337,0.8814158819354337,881415.8819354337,0.0,0.0,0.0,1.4016897081413209,-0.15336764935245806,-0.31209950998869207
2018-06-20,881415.8819354337,0.8814158819354337,881415.8819354337,0.0,0.0,0.0,1.4016897081413209,-0.15336764935245806,-0.31209950998869207
2018-06-21,881415.8819354337,0.8814158819354337,881415.8819354337,0.0,0.0,0.0,1.390168970814132,-0.15336764935245806,-0.317753486618922
2018-06-22,881415.8819354337,0.8814158819354337,881415.8819354337,0.0,0.0,0.0,1.3963133640552996,-0.15336764935245806,-0.31473803241613263
2018-06-25,881415.8819354337,0.8814158819354337,881415.8819354337,0.0,0.0,0.0,1.3767281105990783,-0.15336764935245806,-0.3243497926875236
2018-06-26,881415.8819354337,0.8814158819354337,881415.8819354337,0.0,0.0,0.0,1.3632872503840245,-0.15336764935245806,-0.33094609875612513
2018-06-27,881415.8819354337,0.8814158819354337,881415.8819354337,0.0,0.0,0.0,1.3310291858678955,-0.15336764935245806,-0.34677723332076893
2018-06-28,881415.8819354337,0.8814158819354337,881415.8819354337,0.0,0.0,0.0,1.3233486943164363,-0.15336764935245806,-0.3505465510742555
2018-06-29,881415.8819354337,0.8814158819354337,881415.8819354337,0.0,0.0,0.0,1.358294930875576,-0.15336764935245806,-0.3333961552958914
2018-07-02,881415.8819354337,0.8814158819354337,881415.8819354337,0.0,0.0,0.0,1.3221966205837172,-0.15336764935245806,-0.3511119487372786
2018-07-03,881415.8819354337,0.8814158819354337,881415.8819354337,0.0,0.0,0.0,1.3172043010752688,-0.15336764935245806,-0.35356200527704484
2018-07-04,881415.8819354337,0.8814158819354337,881415.8819354337,0.0,0.0,0.0,1.3033794162826422,-0.15336764935245806,-0.36034677723332076
2018-07-05,881415.8819354337,0.8814158819354337,881415.8819354337,0.0,0.0,0.0,1.292626728110599,-0.15336764935245806,-0.3656238220882021
2018-07-06,881415.8819354337,0.8814158819354337,881415.8819354337,0.0,0.0,0.0,1.303763440860215,-0.15336764935245806,-0.36015831134564646
2018-07-09,881415.8819354337,0.8814158819354337,881415.8819354337,0.0,0.0,0.0,1.3417818740399385,-0.15336764935245806,-0.3415001884658877
2018-07-10,881415.8819354337,0.8814158819354337,881415.8819354337,0.0,0.0,0.0,1.3452380952380953,-0.15336764935245806,-0.3398039954768186
2018-07-11,881415.8819354337,0.8814158819354337,881415.8819354337,0.0,0.0,0.0,1.3229646697388633,-0.15336764935245806,-0.3507350169619299
2018-07-12,881415.8819354337,0.8814158819354337,881415.8819354337,0.0,0.0,0.0,1.3548387096774193,-0.15336764935245806,-0.3350923482849605
2018-07-13,881415.8819354337,0.8814158819354337,881415.8819354337,0.0,0.0,0.0,1.357142857142857,-0.15336764935245806,-0.3339615529589145
2018-07-16,881415.8819354337,0.8814158819354337,881415.8819354337,0.0,0.0,0.0,1.3513824884792627,-0.15336764935245806,-0.33678854127402935
2018-07-17,881415.8819354337,0.8814158819354337,881415.8819354337,0.0,0.0,0.0,1.3429339477726574,-0.15336764935245806,-0.3409347908028647
2018-07-18,881415.8819354337,0.8814158819354337,881415.8819354337,0.0,0.0,0.0,1.3367895545314898,-0.15336764935245806,-0.3439502450056541
2018-07-19,881415.8819354337,0.8814158819354337,881415.8819354337,0.0,0.0,0.0,1.337557603686636,-0.15336764935245806,-0.3435733132303054
2018-07-20,881415.8819354337,0.8814158819354337,881415.8819354337,0.0,0.0,0.0,1.3632872503840245,-0.15336764935245806,-0.33094609875612513
2018-07-23,893135.7047397674,0.8931357047397673,176071.63657542225,717064.0681643451,0.8028612722108963,705132.705548347,1.3721198156682026,-0.14211032879202323,-0.3266113833396156
2018-07-24,895438.9145267112,0.8954389145267112,176071.63657542225,719367.277951289,0.8033683440388719,0.0,1.3974654377880182,-0.13989801113821265,-0.31417263475310975
2018-07-25,895438.9145267112,0.8954389145267112,176071.63657542225,719367.277951289,0.8033683440388719,0.0,1.3970814132104454,-0.13989801113821265,-0.31436110064078404
2018-07-26,892367.9356171372,0.8923679356171372,176071.63657542225,716296.299041715,0.8026916594065474,0.0,1.3790322580645162,-0.14284779925332192,-0.3232189973614775
2018-07-27,890065.0430157181,0.8900650430157181,176071.63657542225,713993.4064402959,0.8021811574816415,0.0,1.3755760368663594,-0.14505981223877784,-0.3249151903505465
2018-07-30,894380.6916254486,0.8943806916254486,177414.31006465625,716966.3815607924,0.8016344586529219,714940.2855633526,1.3678955453149,-0.14091447312938732,-0.32868450810403327
2018-07-31,895146.1246726941,0.8951461246726942,177414.31006465625,717731.8146080379,0.8018040796082015,0.0,1.3728878648233487,-0.14017924655435687,-0.3262344515642669
2018-08-01,888256.6931518852,0.8882566931518852,177414.31006465625,710842.383087229,0.8002668469233593,0.0,1.3421658986175116,-0.14679679874808405,-0.3413117225782133
2018-08-02,881327.8151341365,0.8813278151341365,177414.31006465625,703913.5050694803,0.7986965723558219,0.0,1.31221198156682,-0.15345224075196018,-0.3560120618168112
2018-08-03,879525.613871648,0.879525613871648,879525.613871648,0.0,0.0,703025.2366145909,1.293778801843318,-0.15518332130368595,-0.365058424425179
2018-08-06,879525.613871648,0.879525613871648,879525.613871648,0.0,0.0,0.0,1.280337941628264,-0.15518332130368595,-0.3716547304937807
2018-08-07,879525.613871648,0.879525613871648,879525.613871648,0.0,0.0,0.0,1.31605222734255,-0.15518332130368595,-0.35412740294006784
2018-08-08,879525.613871648,0.879525613871648,879525.613871648,0.0,0.0,0.0,1.2968509984639016,-0.15518332130368595,-0.3635506973237844
2018-08-09,879525.613871648,0.879525613871648,879525.613871648,0.0,0.0,0.0,1.3279569892473118,-0.15518332130368595,-0.3482849604221636
2018-08-10,879525.613871648,0.879525613871648,879525.613871648,0.0,0.0,0.0,1.3302611367127495,-0.15518332130368595,-0.34715416509611763
2018-08-13,875908.5225829812,0.8759085225829811,175694.0366270003,700214.4859559808,0.7994150849121855,703620.4910973185,1.324500768049155,-0.1586576704310314,-0.3499811534112327
2018-08-14,872361.6123436487,0.8723616123436487,872361.6123436487,0.0,0.0,697574.422465854,1.3187403993855606,-0.16206460808101775,-0.35280814172634756
2018-08-15,872361.6123436487,0.8723616123436487,872361.6123436487,0.0,0.0,0.0,1.2872503840245775,-0.16206460808101775,-0.36826234451564266
2018-08-16,872361.6123436487,0.8723616123436487,872361.6123436487,0.0,0.0,0.0,1.281874039938556,-0.16206460808101775,-0.37090086694308333
2018-08-17,872361.6123436487,0.8723616123436487,872361.6123436487,0.0,0.0,0.0,1.262288786482335,-0.16206460808101775,-0.3805126272144742
2018-08-20,872361.6123436487,0.8723616123436487,872361.6123436487,0.0,0.0,0.0,1.2757296466973886,-0.16206460808101775,-0.3739163211458726
2018-08-21,872361.6123436487,0.8723616123436487,872361.6123436487,0.0,0.0,0.0,1.2976190476190477,-0.16206460808101775,-0.3631737655484357
2018-08-22,872361.6123436487,0.8723616123436487,872361.6123436487,0.0,0.0,0.0,1.29531490015361,-0.16206460808101775,-0.3643045608744816
2018-08-23,872361.6123436487,0.8723616123436487,872361.6123436487,0.0,0.0,0.0,1.2991551459293393,-0.16206460808101775,-0.36241990199773844
2018-08-24,872361.6123436487,0.8723616123436487,872361.6123436487,0.0,0.0,0.0,1.3010752688172043,-0.16206460808101775,-0.36147757255936674
2018-08-27,877771.7364272752,0.8777717364272752,174262.9556817672,703508.780745508,0.8014712157501722,697889.289874919,1.3337173579109063,-0.15686798505199107,-0.34545797210704865
2018-08-28,875533.8749957237,0.8755338749957238,174262.9556817672,701270.9193139565,0.8009637768925636,0.0,1.3298771121351767,-0.15901753320859746,-0.3473426309837919
2018-08-29,873296.1194921928,0.8732961194921928,174262.9556817672,699033.1638104256,0.8004537615681858,0.0,1.3248847926267282,-0.16116697961744675,-0.3497926875235582
2018-08-30,868073.6427253651,0.8680736427253651,174262.9556817672,693810.6870435979,0.7992532578979601,0.0,1.3118279569892473,-0.1661833605017946,-0.3562005277044855
2018-08-31,871057.7224903398,0.8710577224903397,174262.9556817672,696794.7668085726,0.7999409784422182,0.0,1.3018433179723503,-0.16331704220901244,-0.36110064078401805
2018-09-03,872550.0445027017,0.8725500445027017,174062.23220002264,698487.812302679,0.8005131816832041,200.66328275972046,1.2991551459293393,-0.16188361206650725,-0.36241990199773844
2018-09-04,879266.0048179919,0.8792660048179919,174062.23220002264,705203.7726179692,0.802036890717669,0.0,1.314516129032258,-0.15543268534153787,-0.35488126649076523
2018-09-05,864341.0721743052,0.8643410721743052,174062.23220002264,690278.8399742825,0.7986185803225132,0.0,1.2876344086021505,-0.1697686317050574,-0.36807387862796836
2018-09-06,861356.3064702563,0.8613563064702563,174062.23220002264,687294.0742702336,0.7979207548693634,0.0,1.2764976958525345,-0.17263560886753182,-0.373539389370524
2018-09-07,860119.7046339338,0.8601197046339338,860119.7046339338,0.0,0.0,686950.5080944339,1.2849462365591398,-0.17382341038206983,-0.36939313984168864
2018-09-10,857425.2582838596,0.8574252582838596,171817.51219767454,685607.7460861851,0.799612257117818,688095.7637071472,1.2665130568356375,-0.17641152513449276,-0.37843950245005653
2018-09-11,856322.3845931957,0.8563223845931958,856322.3845931957,0.0,0.0,685395.8870486845,1.2619047619047619,-0.1774708758500072,-0.3807010931021485
2018-09-12,856322.3845931957,0.8563223845931958,856322.3845931957,0.0,0.0,0.0,1.2530721966205836,-0.1774708758500072,-0.38503580851865815
2018-09-13,856322.3845931957,0.8563223845931958,856322.3845931957,0.0,0.0,0.0,1.2665130568356375,-0.1774708758500072,-0.37843950245005653
2018-09-14,856322.3845931957,0.8563223845931958,856322.3845931957,0.0,0.0,0.0,1.2684331797235022,-0.1774708758500072,-0.37749717301168495
2018-09-17,852751.9033118702,0.8527519033118702,171058.9595463368,681692.9437655334,0.7994036027571588,685057.9076745566,1.2565284178187404,-0.18090045435217128,-0.3833396155295892
2018-09-18,852269.1506436887,0.8522691506436887,510949.6100379333,341319.54060575546,0.40048327497008296,340333.0835001467,1.2807219662058371,-0.18136415603331912,-0.3714662646061063
2018-09-19,852398.9299366947,0.8523989299366946,510949.6100379333,341449.3198987614,0.4005745524857943,0.0,1.2980030721966205,-0.1812394982524067,-0.36298529966076143
2018-09-20,853047.8264017247,0.8530478264017247,510949.6100379333,342098.21636379143,0.40103052346643875,0.0,1.2972350230414746,-0.1806162093478445,-0.36336223143611
2018-09-21,853566.9435737487,0.8535669435737487,510949.6100379333,342617.3335358154,0.40139480109355136,0.0,1.337941628264209,-0.18011757822419472,-0.34338484734263097
2018-09-25,847466.1751325304,0.8474661751325304,170318.24541920485,677147.9297133256,0.7990264975560001,569963.8442326528,1.324500768049155,-0.18597759054301444,-0.3499811534112327
2018-09-26,850642.2941184312,0.8506422941184312,170318.24541920485,680324.0486992263,0.7997768902430189,0.0,1.3390937019969278,-0.18292681152021673,-0.342819449679608
2018-09-27,846516.999030705,0.846516999030705,170318.24541920485,676198.7536115001,0.7988011515253375,0.0,1.3333333333333333,-0.18688930907536305,-0.34564643799472294
2018-09-28,849173.3089934234,0.8491733089934234,395390.9460971645,453782.3628962589,0.5343813307487898,225365.6760568335,1.34715821812596,-0.18433782572468138,-0.33886166603844703
2018-10-08,825720.1341833671,0.8257201341833671,168816.314675822,656903.8195075451,0.7955526240827584,232882.96585969251,1.283026113671275,-0.20686546214074508,-0.3703354692800602
2018-10-09,825168.8920610929,0.8251688920610929,603702.9474497277,221465.9446113652,0.2683886253372825,435452.7213116108,1.2857142857142856,-0.20739495045984846,-0.36901620806634006
2018-10-10,826099.49196035,0.8260994919603499,603702.9474497277,222396.54451062228,0.26921278450719177,0.0,1.2849462365591398,-0.20650107505282678,-0.36939313984168864
2018-10-11,817492.0784981552,0.8174920784981552,603702.9474497277,213789.13104842755,0.26151829072299687,0.0,1.2188940092165899,-0.21476881204491682,-0.40180927252167353
2018-10-12,817571.8694233926,0.8175718694233925,817571.8694233926,0.0,0.0,214147.31348119042,1.2415514592933947,-0.21469216992854634,-0.3906897851488881
2018-10-15,820442.271777354,0.820442271777354,163318.1566360169,657124.115141337,0.8009388810717726,654057.4955387141,1.2235023041474653,-0.2119350429672051,-0.3995476818695817
2018-10-16,819957.4882176776,0.8199574882176776,163318.1566360169,656639.3315816607,0.8008211901436283,0.0,1.215437788018433,-0.2124006953942783,-0.4035054655107426
2018-10-17,817775.9621991339,0.817775962199134,163318.1566360169,654457.805563117,0.8002898542079575,0.0,1.219662058371736,-0.21449613131610756,-0.40143234074632483
2018-10-18,818260.7457588102,0.8182607457588102,163318.1566360169,654942.5891227933,0.8004081736994916,0.0,1.1927803379416282,-0.21403047888903448,-0.4146249528835281
2018-10-19,821654.230676545,0.821654230676545,163318.1566360169,658336.074040528,0.8012325008032372,0.0,1.2231182795698925,-0.21077091189952202,-0.39973614775725597
2018-10-22,827373.6815480425,0.8273736815480425,65114.16273386328,762259.5188141791,0.9213001764667778,658476.331733339,1.2876344086021505,-0.20527716912157679,-0.36807387862796836
2018-10-23,820525.4529703036,0.8205254529703035,65114.16273386328,755411.2902364403,0.9206433359280325,0.0,1.2442396313364055,-0.21185514437408925,-0.3893705239351678
2018-10-24,829115.2981792558,0.8291152981792558,65114.16273386328,764001.1354453925,0.9214654911363298,0.0,1.2461597542242704,-0.2036042823349521,-0.388428194496796
2018-10-25,834187.7670989402,0.8341877670989402,65114.16273386328,769073.6043650769,0.921943038124005,0.0,1.2523041474654377,-0.19873198950125703,-0.38541274029400685
2018-10-26,833122.2348091281,0.8331222348091281,65114.16273386328,768008.0720752648,0.9218432061787653,0.0,1.23963133640553,-0.19975547242878677,-0.39163211458725966
2018-10-29,825154.5123011488,0.8251545123011489,16195.438720649865,808959.073580499,0.9803728411113153,496574.3470752808,1.2023809523809523,-0.2074087627477963,-0.40991330569166984
2018-10-30,842149.2569740219,0.8421492569740219,16195.438720649865,825953.8182533721,0.9807689212018751,0.0,1.2165898617511521,-0.1910846858552231,-0.4029400678477195
2018-10-31,837153.0154575985,0.8371530154575985,16195.438720649865,820957.5767369487,0.9806541475433889,0.0,1.2307987711213517,-0.1958837594663817,-0.3959668300037693
2018-11-01,838981.4925465931,0.838981492546593,16195.438720649865,822786.0538259433,0.9806963099132364,0.0,1.23963133640553,-0.19412744001754056,-0.39163211458725966
2018-11-02,851986.8641697587,0.8519868641697588,16195.438720649865,835791.4254491089,0.9809909760329089,0.0,1.2914746543778801,-0.18163530256684257,-0.3661892197512251
2018-11-05,851077.613975331,0.851077613975331,16359.330343006412,834718.2836323245,0.9807780981729821,562616.6181923008,1.2749615975422426,-0.18250867079767674,-0.3742932529212213
2018-11-06,849890.9621272135,0.8498909621272135,16359.330343006412,833531.6317842071,0.9807512597827135,0.0,1.2668970814132103,-0.18364849351265433,-0.37825103656238224
2018-11-07,841853.7767606976,0.8418537767606976,16359.330343006412,825494.4464176912,0.9805674918915798,0.0,1.2565284178187404,-0.19136850546036488,-0.3833396155295892
2018-11-08,838727.6631414718,0.8387276631414718,16359.330343006412,822368.3327984654,0.9804950628649445,0.0,1.2553763440860215,-0.19437125249054632,-0.38390501319261217
2018-11-09,829883.6481112817,0.8298836481112817,16359.330343006412,813524.3177682753,0.9802872000427549,0.0,1.23963133640553,-0.20286625398488134,-0.39163211458725966
2018-11-12,840347.8451367264,0.8403478451367264,165588.28733876869,674759.5577979577,0.8029526840616493,381377.6970414773,1.2534562211981566,-0.19281500813503594,-0.38484734263098386
2018-11-13,857488.9684592787,0.8574889684592787,165588.28733876869,691900.68112051,0.8068916412577355,0.0,1.2665130568356375,-0.17635032916936366,-0.37843950245005653
2018-11-14,850350.5315317403,0.8503505315317403,165588.28733876869,684762.2441929716,0.8052705546729138,0.0,1.2511520737327189,-0.18320706020833732,-0.38597813795702973
2018-11-15,864250.2102172986,0.8642502102172986,165588.28733876869,698661.9228785299,0.8084023753987462,0.0,1.2676651305683564,-0.169855907954353,-0.37787410478703354
2018-11-16,881424.6301582024,0.8814246301582024,165588.28733876869,715836.3428194337,0.8121356249041417,0.0,1.271505376344086,-0.15335924636295184,-0.37598944591029027
2018-11-19,899990.9842430197,0.8999909842430197,17300.911858266278,882690.0723847535,0.9807765720310877,428351.8080371284,1.2857142857142856,-0.13552558086640143,-0.36901620806634006
2018-11-20,868132.1472010412,0.8681321472010413,17300.911858266278,850831.235342775,0.9800711079366818,0.0,1.2576804915514592,-0.1661271648026017,-0.3827742178665662
2018-11-21,877655.8603535148,0.8776558603535148,17300.911858266278,860354.9484952486,0.980287362461982,0.0,1.258832565284178,-0.15697928827981145,-0.3822088202035432
2018-11-22,867838.2717989916,0.8678382717989916,17300.911858266278,850537.3599407254,0.9800643594313925,0.0,1.2553763440860215,-0.16640944292753002,-0.38390501319261217
2018-11-23,839897.6067467476,0.8398976067467476,17300.911858266278,822596.6948884814,0.9794011654286295,0.0,1.2227342549923195,-0.19324747865692227,-0.39992461364493026
2018-11-26,836980.1117321898,0.8369801117321898,836980.1117321898,0.0,0.0,820746.1698947868,1.2246543778801844,-0.1960498398496362,-0.39898228420655857
2018-11-27,836980.1117321898,0.8369801117321898,836980.1117321898,0.0,0.0,0.0,1.2235023041474653,-0.1960498398496362,-0.3995476818695817
2018-11-28,836980.1117321898,0.8369801117321898,836980.1117321898,0.0,0.0,0.0,1.2419354838709677,-0.1960498398496362,-0.3905013192612137
2018-11-29,836980.1117321898,0.8369801117321898,836980.1117321898,0.0,0.0,0.0,1.2296466973886329,-0.1960498398496362,-0.3965322276667923
2018-11-30,836980.1117321898,0.8369801117321898,836980.1117321898,0.0,0.0,0.0,1.2423195084485406,-0.1960498398496362,-0.3903128533735395
2018-12-03,836980.1117321898,0.8369801117321898,836980.1117321898,0.0,0.0,0.0,1.2745775729646698,-0.1960498398496362,-0.3744817188088956
2018-12-04,836980.1117321898,0.8369801117321898,836980.1117321898,0.0,0.0,0.0,1.2764976958525345,-0.1960498398496362,-0.373539389370524
2018-12-05,836980.1117321898,0.8369801117321898,836980.1117321898,0.0,0.0,0.0,1.2707373271889402,-0.1960498398496362,-0.37636637768563885
2018-12-06,836980.1117321898,0.8369801117321898,836980.1117321898,0.0,0.0,0.0,1.2450076804915513,-0.1960498398496362,-0.3889935921598191
2018-12-07,836980.1117321898,0.8369801117321898,836980.1117321898,0.0,0.0,0.0,1.2423195084485406,-0.1960498398496362,-0.3903128533735395
2018-12-10,836980.1117321898,0.8369801117321898,836980.1117321898,0.0,0.0,0.0,1.2307987711213517,-0.1960498398496362,-0.3959668300037693
2018-12-11,836980.1117321898,0.8369801117321898,836980.1117321898,0.0,0.0,0.0,1.2357910906298002,-0.1960498398496362,-0.39351677346400304
2018-12-12,836980.1117321898,0.8369801117321898,836980.1117321898,0.0,0.0,0.0,1.2400153609831028,-0.1960498398496362,-0.39144364869958537
2018-12-13,836980.1117321898,0.8369801117321898,836980.1117321898,0.0,0.0,0.0,1.2611367127496158,-0.1960498398496362,-0.3810780248774972
2018-12-14,836980.1117321898,0.8369801117321898,836980.1117321898,0.0,0.0,0.0,1.239247311827957,-0.1960498398496362,-0.39182058047493407
2018-12-17,836980.1117321898,0.8369801117321898,836980.1117321898,0.0,0.0,0.0,1.237711213517665,-0.1960498398496362,-0.39257444402563135
2018-12-18,836980.1117321898,0.8369801117321898,836980.1117321898,0.0,0.0,0.0,1.2223502304147464,-0.1960498398496362,-0.40011307953260467
2018-12-19,836980.1117321898,0.8369801117321898,836980.1117321898,0.0,0.0,0.0,1.2096774193548385,-0.1960498398496362,-0.4063324538258576
2018-12-20,836980.1117321898,0.8369801117321898,836980.1117321898,0.0,0.0,0.0,1.2008448540706604,-0.1960498398496362,-0.4106671692423671
2018-12-21,836980.1117321898,0.8369801117321898,836980.1117321898,0.0,0.0,0.0,1.1858678955453148,-0.1960498398496362,-0.41801733886166603
2018-12-24,837649.5982056246,0.8376495982056246,167195.1471196222,670454.4510860024,0.8003996569952637,669584.0893857519,1.1885560675883258,-0.19540677348522462,-0.41669807764794564
2018-12-25,842469.5439359338,0.8424695439359339,167195.1471196222,675274.3968163116,0.8015416126041742,0.0,1.1812596006144394,-0.1907770384563019,-0.420278929513758
2018-12-26,843192.5357954802,0.8431925357954803,167195.1471196222,675997.388675858,0.8017117799057746,0.0,1.174731182795699,-0.1900825782019635,-0.42348284960422156
2018-12-27,841505.554789872,0.841505554789872,167195.1471196222,674310.4076702498,0.8013142680188586,0.0,1.1720430107526882,-0.19170298546208642,-0.42480211081794195
2018-12-28,844879.5168010883,0.8448795168010883,167195.1471196222,677684.3696814661,0.8021077043592414,0.0,1.174731182795699,-0.1884621709418407,-0.42348284960422156
2019-01-02,846797.5914709351,0.8467975914709351,168732.1338913731,678065.4575795621,0.8007408906321098,1540.5292186893057,1.1586021505376343,-0.1866197897234717,-0.43139841688654357
2019-01-03,852087.463835031,0.852087463835031,168732.1338913731,683355.329943658,0.8019779176987862,0.0,1.1586021505376343,-0.18153867289085268,-0.43139841688654357
2019-01-04,851125.6688597408,0.8511256688597408,168732.1338913731,682393.5349683678,0.8017541474017289,0.0,1.1881720430107525,-0.18246251231496524,-0.41688654353562016
2019-01-07,845458.0181371854,0.8454580181371854,168981.55128670222,676476.4668504831,0.8001301689006123,679918.8620708196,1.1931643625192012,-0.18790649914596025,-0.4144364869958538
2019-01-08,844690.1617210454,0.8446901617210454,168981.55128670222,675708.6104343431,0.7999484794017199,0.0,1.1931643625192012,-0.18864405345588364,-0.4144364869958538
2019-01-09,845220.3512809139,0.8452203512809139,168981.55128670222,676238.7999942116,0.8000739676575295,0.0,1.2019969278033793,-0.18813478689674856,-0.41010177157934413
2019-01-10,840075.7007481342,0.8400757007481342,168981.55128670222,671094.1494614319,0.7988496142237957,0.0,1.2031490015360982,-0.19307641282282473,-0.40953637391632125
2019-01-11,840270.7158838655,0.8402707158838655,168981.55128670222,671289.1645971632,0.7988962984281159,0.0,1.2119815668202765,-0.19288909361726025,-0.4052016584998115
2019-01-14,839909.9956014063,0.8399099956014063,168543.85112523008,671366.1444761762,0.7993310568895582,5546.803706611332,1.2016129032258065,-0.19323557870667574,-0.4102902374670184
2019-01-15,848201.1589800019,0.8482011589800019,168543.85112523008,679657.3078547718,0.8012925951104438,0.0,1.2242703533026114,-0.1852716115435138,-0.399170750094233
2019-01-16,844941.96948699,0.84494196948699,168543.85112523008,676398.1183617599,0.8005261222524404,0.0,1.2016129032258065,-0.18840218284161148,-0.4102902374670184
2019-01-17,842112.2050907409,0.8421122050907409,168543.85112523008,673568.3539655108,0.7998558266863395,0.0,1.1950844854070661,-0.1911202755509399,-0.4134941575574821
2019-01-18,846527.5833339407,0.8465275833339407,168543.85112523008,677983.7322087106,0.8008997527742195,0.0,1.215821812596006,-0.1868791424630838,-0.4033169996230682
2019-01-21,844370.2484234313,0.8443702484234313,67363.68972852992,777006.5586949014,0.9202201997828462,418507.1725503997,1.2223502304147464,-0.18895134193651286,-0.40011307953260467
2019-01-22,837682.5967337932,0.8376825967337932,67363.68972852992,770318.9070052633,0.9195832765403178,0.0,1.2069892473118278,-0.1953750771860725,-0.40765171503957787
2019-01-23,839125.8537664632,0.8391258537664632,67363.68972852992,771762.1640379333,0.9197215895253802,0.0,1.2039170506912442,-0.1939887757599229,-0.40915944214097244
2019-01-24,844695.5463492544,0.8446955463492545,67363.68972852992,777331.8566207245,0.9202509235195172,0.0,1.2131336405529953,-0.18863888132257922,-0.4046362608367886
2019-01-25,848101.2662422677,0.8481012662422677,67363.68972852992,780737.5765137378,0.9205711718519155,0.0,1.2223502304147464,-0.1853675621896207,-0.40011307953260467
2019-01-28,848836.3005649418,0.8488363005649419,397841.45424756093,450994.8463173809,0.5313095658340977,330978.4644532085,1.2208141321044546,-0.18466153470683266,-0.40086694308330195
2019-01-29,848783.4430606829,0.8487834430606829,397841.45424756093,450941.9888131219,0.5312803784049335,0.0,1.2261904761904763,-0.18471230628242752,-0.3982284206558613
2019-01-30,844948.4198619575,0.8449484198619576,397841.45424756093,447106.9656143966,0.5291529697013247,0.0,1.218125960061444,-0.18839598701937443,-0.40218620429702223
2019-01-31,849767.7497598754,0.8497677497598753,618501.8791169928,231265.87064288254,0.27215185644340223,220947.65682330215,1.2296466973886329,-0.1837668435200983,-0.3965322276667923
2019-02-01,850246.0075803648,0.8502460075803648,618501.8791169928,231744.128463372,0.2725612662655963,0.0,1.25,-0.18330745930536474,-0.3865435356200527
2019-02-11,858413.3314292755,0.8584133314292755,67777.98241896613,790635.3490103093,0.9210427192386278,550558.7290793029,1.2672811059907834,-0.1754624445621321,-0.37806257067470794
2019-02-12,861071.8994196651,0.8610718994196651,67777.98241896613,793293.917000699,0.9212865006224842,0.0,1.2764976958525345,-0.17290879229287925,-0.373539389370524
2019-02-13,878561.0017921807,0.8785610017921807,67777.98241896613,810783.0193732146,0.9228534133876811,0.0,1.302995391705069,-0.15610986665990212,-0.36053524312099516
2019-02-14,876694.5695342586,0.8766945695342586,67777.98241896613,808916.5871152924,0.9226891727469317,0.0,1.3045314900153608,-0.15790264344352334,-0.3597813795702979
2019-02-15,859713.3196927166,0.8597133196927166,67777.98241896613,791935.3372737505,0.9211621119896203,0.0,1.283026113671275,-0.1742137580546067,-0.3703354692800602
2019-02-18,890695.406825598,0.890695406825598,16701.996172619634,873993.4106529783,0.9812483638686935,581490.0981673282,1.3202764976958525,-0.1444543246306469,-0.35205427817565016
2019-02-19,891059.7498914656,0.8910597498914656,16701.996172619634,874357.753718846,0.9812560311756265,0.0,1.3168202764976957,-0.14410435972461377,-0.35375047116471925
2019-02-20,892896.1751713186,0.8928961751713186,16701.996172619634,876194.178998699,0.9812945820163077,0.0,1.3202764976958525,-0.1423404057463209,-0.35205427817565016
2019-02-21,894692.2415648563,0.8946922415648563,16701.996172619634,877990.2453922366,0.9813321325516279,0.0,1.3187403993855606,-0.14061521796170684,-0.35280814172634756
2019-02-22,938476.0021204111,0.9384760021204112,16701.996172619634,921774.0059477915,0.9822030652516603,0.0,1.3540706605222732,-0.09855930669545854,-0.3354692800603092
2019-02-25,1017918.6376993638,1.0179186376993639,18617.684943131928,999300.9527562319,0.9817100461140879,692848.4233478003,1.4496927803379416,-0.022251735343151502,-0.28854127402940066
2019-02-26,1002063.5886310665,1.0020635886310665,18617.684943131928,983445.9036879346,0.981420655181608,0.0,1.4170506912442395,-0.037481092718524955,-0.30456087448171887
2019-02-27,1003641.2991962308,1.003641299196231,66912.5079668796,936728.7912293512,0.9333302565164798,48357.68801817129,1.4093701996927803,-0.03596564373263478,-0.3083301922352054
2019-02-28,1003987.6945110088,1.0039876945110089,66912.5079668796,937075.1865441292,0.9333532588768737,0.0,1.4066820276497696,-0.03563291830118487,-0.3096494534489257
2019-03-01,1020437.4924889203,1.0204374924889204,66912.5079668796,953524.9845220407,0.9344276269155152,0.0,1.4354838709677418,-0.019832282738395435,-0.295514511873351
2019-03-04,1046521.9105553272,1.0465219105553272,82071.04256308163,964450.8679922456,0.9215773298816732,78955.75216125109,1.4504608294930876,0.0,-0.28816434225405196
2019-03-05,1063805.7560148695,1.0638057560148695,128968.15498706367,934837.6010278058,0.8787671957423955,46958.15802942027,1.4627496159754225,0.0,-0.28213343384847334
2019-03-06,1072980.3296934091,1.072980329693409,128968.15498706367,944012.1747063454,0.8798038030912321,0.0,1.4727342549923195,0.0,-0.2772333207689408
2019-03-07,1063109.355470692,1.063109355470692,128968.15498706367,934141.2004836283,0.8786877809668385,0.0,1.456605222734255,-0.009199585443973146,-0.2851488880512627
2019-03-08,1029823.4488366556,1.0298234488366556,216621.1582979225,813202.2905387331,0.7896521403327634,87767.10054156288,1.4059139784946235,-0.04022150235418109,-0.3100263852242745
2019-03-11,1049553.4219548644,1.0495534219548643,0.0,1049553.4219548644,1.0,383447.27162267553,1.4247311827956988,-0.021833492274027644,-0.3007915567282322
2019-03-12,1064271.1411356232,1.0642711411356232,0.0,1064271.1411356232,1.0,0.0,1.434331797235023,-0.008116820333765484,-0.296079909536374
2019-03-13,1056546.9828269884,1.0565469828269884,41029.51889828689,1015517.4639287016,0.9611664037991905,41082.9267030008,1.4258832565284179,-0.015315608694444816,-0.3002261590652092
2019-03-14,1036407.511685532,1.036407511685532,41029.51889828689,995377.9927872452,0.9604117893437885,0.0,1.4155145929339477,-0.03408526418963087,-0.30531473803241616
2019-03-15,1051487.2897024082,1.0514872897024083,41029.51889828689,1010457.7708041214,0.9609795388873421,0.0,1.434331797235023,-0.020031159375626273,-0.296079909536374
2019-03-18,1075061.1778238707,1.0750611778238708,0.0,1075061.1778238707,1.0,71661.92818814711,1.478494623655914,0.0,-0.27440633245382584
2019-03-19,1070503.8382022502,1.0705038382022503,0.0,1070503.8382022502,1.0,0.0,1.467741935483871,-0.004239144446500642,-0.27968337730870707
2019-03-20,1075755.1776823362,1.0757551776823362,0.0,1075755.1776823362,1.0,0.0,1.467741935483871,0.0,-0.27968337730870707
2019-03-21,1079458.8273813606,1.0794588273813606,0.0,1079458.8273813606,1.0,0.0,1.4685099846390168,0.0,-0.2793064455333585
2019-03-22,1073990.855901338,1.073990855901338,0.0,1073990.855901338,1.0,0.0,1.4704301075268817,-0.005065474792852576,-0.2783641160949868
2019-03-25,1049761.0539714932,1.0497610539714932,0.0,1049761.0539714932,1.0,9955.118613631024,1.43394777265745,-0.027511724075582,-0.29626837542404827
2019-03-26,1032506.8646281086,1.0325068646281086,262085.3547614252,770421.5098666834,0.746165992943956,262426.50922341563,1.4189708141321042,-0.04349583472965979,-0.3036185450433473
2019-03-27,1036259.2186836288,1.0362592186836288,515588.2855303243,520670.9331533045,0.5024524016439809,253832.91355652257,1.4312596006144391,-0.04001969098027469,-0.29758763663776866
2019-03-28,1028666.0141809646,1.0286660141809645,515588.2855303243,513077.72865064023,0.49877970262209786,0.0,1.4274193548387097,-0.04705396066250478,-0.2994722955145118
2019-03-29,1051563.6246761158,1.0515636246761157,515588.2855303243,535975.3391457915,0.5096936852592949,0.0,1.4857910906298004,-0.02584184037191606,-0.2708254805880135
2019-04-01,1079114.2823672239,1.079114282367224,0.0,1079114.2823672239,1.0,542841.733959734,1.5241935483870968,-0.0003191830993428679,-0.2519788918205804
2019-04-02,1078231.3485626143,1.0782313485626143,0.0,1078231.3485626143,1.0,0.0,1.521505376344086,-0.0011371242585731522,-0.2532981530343008
2019-04-03,1099133.8591383568,1.0991338591383568,0.0,1099133.8591383568,1.0,0.0,1.541858678955453,0.0,-0.24330946098756134
2019-04-04,1104748.3811388293,1.1047483811388292,0.0,1104748.3811388293,1.0,0.0,1.5599078341013826,0.0,-0.23445156426686764
2019-04-08,1091982.3256320881,1.0919823256320882,0.0,1091982.3256320881,1.0,6509.536625653704,1.5499231950844852,-0.011555622732464355,-0.2393516773464004
2019-04-09,1097513.0201725862,1.0975130201725862,0.0,1097513.0201725862,1.0,0.0,1.5591397849462363,-0.006549329322197761,-0.23482849604221645
2019-04-10,1088356.5456583954,1.0883565456583955,0.0,1088356.5456583954,1.0,0.0,1.5614439324116742,-0.014837618918740803,-0.23369770071617046
2019-04-11,1069228.5961137214,1.0692285961137213,0.0,1069228.5961137214,1.0,0.0,1.5345622119815667,-0.0321519231270494,-0.2468903128533736
2019-04-12,1072862.073883119,1.072862073883119,0.0,1072862.073883119,1.0,0.0,1.5291858678955454,-0.028862959023158163,-0.24952883528081404
2019-04-15,1058126.01731135,1.05812601731135,21335.36813208119,1036790.6491792687,0.9798366472584301,513682.7936016679,1.519585253456221,-0.04220179420350778,-0.2542404824726725
2019-04-16,1086492.2604913276,1.0864922604913276,21335.36813208119,1065156.8923592465,0.9803630739878139,0.0,1.5656682027649769,-0.016525139080703855,-0.2316245759517528
2019-04-17,1078411.4696442946,1.0784114696442946,21335.36813208119,1057076.1015122135,0.9802159298814594,0.0,1.5618279569892473,-0.023839737576610176,-0.23350923482849606
2019-04-18,1071150.7527087135,1.0711507527087136,21335.36813208119,1049815.3845766324,0.9800818250109721,0.0,1.5591397849462363,-0.030412018703735555,-0.23482849604221645
2019-04-19,1079271.529174906,1.079271529174906,21335.36813208119,1057936.1610428249,0.9802316955878639,0.0,1.5821812596006144,-0.02306122588535542,-0.22352054278175648
2019-04-22,1049561.2460865155,1.0495612460865156,21591.118097126473,1027970.127989389,0.9794284343313618,20960.812708480284,1.5426267281105992,-0.049954483748981815,-0.24293252921221253
2019-04-23,1047652.65620509,1.04765265620509,359452.4449328748,688200.2112722152,0.6568973096150793,338301.1182895247,1.5399385560675882,-0.051682107807102695,-0.24425179042593292
2019-04-24,1047464.4909140063,1.0474644909140063,359452.4449328748,688012.0459811315,0.6568356750506927,0.0,1.5422427035330262,-0.051852431922798425,-0.24312099509988683
2019-04-25,1042000.1549271054,1.0420001549271054,701658.4388190857,340341.7161080197,0.326623479371583,342651.44075919787,1.51036866359447,-0.056798658665641044,-0.25876366377685645
2019-04-26,1036929.7440405282,1.0369297440405283,701658.4388190857,335271.3052214425,0.3233307821945731,0.0,1.4896313364055298,-0.06138831090966623,-0.2689408217112703
2019-04-29,1037275.4796733276,1.0372754796733277,1037275.4796733276,0.0,0.0,336053.910938462,1.4953917050691243,-0.06107535672145281,-0.26611383339615535
2019-04-30,1037275.4796733276,1.0372754796733277,1037275.4796733276,0.0,0.0,0.0,1.4961597542242702,-0.06107535672145281,-0.26573690162080676
2019-05-06,1033458.1969500831,1.0334581969500831,207206.14981954393,826252.0471305392,0.7995021468395667,829820.3837386621,1.4105222734254992,-0.0645306980357434,-0.3077647945721824
2019-05-07,1037480.5740080457,1.0374805740080457,1037480.5740080457,0.0,0.0,831355.1859302111,1.42357910906298,-0.06088970871488453,-0.3013569543912552
2019-05-08,1037480.5740080457,1.0374805740080457,1037480.5740080457,0.0,0.0,0.0,1.4051459293394777,-0.06088970871488453,-0.3104033169996231
2019-05-09,1037480.5740080457,1.0374805740080457,1037480.5740080457,0.0,0.0,0.0,1.3851766513056836,-0.06088970871488453,-0.32020354315868826
2019-05-10,1037480.5740080457,1.0374805740080457,1037480.5740080457,0.0,0.0,0.0,1.4285714285714286,-0.06088970871488453,-0.29890689785148883
2019-05-13,1037480.5740080457,1.0374805740080457,1037480.5740080457,0.0,0.0,0.0,1.402457757296467,-0.06088970871488453,-0.31172257821334337
2019-05-14,1037480.5740080457,1.0374805740080457,1037480.5740080457,0.0,0.0,0.0,1.3955453149001535,-0.06088970871488453,-0.31511496419148133
2019-05-15,1037480.5740080457,1.0374805740080457,1037480.5740080457,0.0,0.0,0.0,1.4254992319508448,-0.06088970871488453,-0.3004146249528835
2019-05-16,1037480.5740080457,1.0374805740080457,1037480.5740080457,0.0,0.0,0.0,1.4324116743471582,-0.06088970871488453,-0.29702223897474556
2019-05-17,1037480.5740080457,1.0374805740080457,1037480.5740080457,0.0,0.0,0.0,1.4001536098310292,-0.06088970871488453,-0.31285337353938936
2019-05-20,1036522.097678794,1.0365220976787939,207247.11946384714,829274.9782149468,0.8000552810905237,829984.4592064366,1.3847926267281105,-0.061757305667833884,-0.32039200904636267
2019-05-21,1035932.7053701833,1.0359327053701832,207247.11946384714,828685.5859063362,0.7999415228523085,0.0,1.402073732718894,-0.062290813857276195,-0.3119110441010178
2019-05-22,1036522.097678794,1.0365220976787939,207247.11946384714,829274.9782149468,0.8000552810905237,0.0,1.3986175115207373,-0.061757305667833884,-0.31360723709008664
2019-05-23,1038290.2746046253,1.0382902746046252,207247.11946384714,831043.1551407782,0.8003957808978173,0.0,1.3763440860215053,-0.06015678109950773,-0.3245382585751979
2019-05-24,1043005.4130735091,1.0430054130735091,207247.11946384714,835758.293609662,0.8012981362645711,0.0,1.378648233486943,-0.05588871558397068,-0.3234074632491519
2019-05-27,1041795.7572806827,1.0417957572806826,1041795.7572806827,0.0,0.0,835634.9632690854,1.3951612903225805,-0.056983676041463815,-0.31530343007915573
2019-05-28,1041795.7572806827,1.0417957572806826,1041795.7572806827,0.0,0.0,0.0,1.4016897081413209,-0.056983676041463815,-0.31209950998869207
2019-05-29,1041795.7572806827,1.0417957572806826,1041795.7572806827,0.0,0.0,0.0,1.402457757296467,-0.056983676041463815,-0.31172257821334337
2019-05-30,1041795.7572806827,1.0417957572806826,1041795.7572806827,0.0,0.0,0.0,1.4016897081413209,-0.056983676041463815,-0.31209950998869207
2019-05-31,1041795.7572806827,1.0417957572806826,1041795.7572806827,0.0,0.0,0.0,1.3947772657450077,-0.056983676041463815,-0.31549189596683
2019-06-03,1043442.3577873933,1.0434423577873932,208109.12047438917,835333.2373130041,0.8005552305585121,833436.6058245462,1.3978494623655915,-0.0554932004410259,-0.31398416886543534
2019-06-04,1052984.0666248212,1.0529840666248211,208109.12047438917,844874.946150432,0.8023625170877932,0.0,1.3851766513056836,-0.04685620309363736,-0.32020354315868826
2019-06-05,1058188.6350816,1.0581886350815999,208109.12047438917,850079.5146072108,0.8033345723294966,0.0,1.3821044546850998,-0.04214511363142548,-0.32171127026008295
2019-06-06,1057610.3496975135,1.0576103496975136,208109.12047438917,849501.2292231243,0.8032270386405443,0.0,1.370199692780338,-0.042668568016115516,-0.32755371277798717
2019-06-10,1055012.3748602732,1.055012374860273,211515.9252646026,843496.4495956706,0.7995133229668363,3414.6567935103085,1.3878648233486943,-0.04502021195748285,-0.318884281944968
2019-06-11,1051268.621413792,1.051268621413792,211515.9252646026,839752.6961491894,0.798799354459808,0.0,1.4312596006144391,-0.04840899578409663,-0.29758763663776866
2019-06-12,1061347.957615857,1.061347957615857,211515.9252646026,849832.0323512544,0.8007101028961904,0.0,1.4205069124423961,-0.03928534702013575,-0.3028646814926499
2019-06-13,1062211.9007188913,1.0622119007188913,211515.9252646026,850695.9754542887,0.8008721940307283,0.0,1.4178187403993856,-0.03850331998322487,-0.30418394270637017
2019-06-14,1074595.085195714,1.074595085195714,211515.9252646026,863079.1599311113,0.8031668596119815,0.0,1.4093701996927803,-0.027294265787501493,-0.3083301922352054
2019-06-17,1067057.826361087,1.0670578263610868,84564.69955593254,982493.1268051544,0.9207496562352974,855774.1053478132,1.4105222734254992,-0.03411686807713543,-0.3077647945721824
2019-06-18,1073231.5901772066,1.0732315901772065,84564.69955593254,988666.890621274,0.9212055437708746,0.0,1.413594470046083,-0.02852847897286226,-0.30625706747078774
2019-06-19,1076665.2908981168,1.0766652908981167,84564.69955593254,992100.5913421842,0.9214568350342272,0.0,1.434331797235023,-0.025420349755808758,-0.296079909536374
2019-06-20,1100411.336574356,1.100411336574356,84564.69955593254,1015846.6370184235,0.9231517372229303,0.0,1.4758064516129032,-0.003925821153955789,-0.2757255936675461
2019-06-21,1101420.5152031323,1.1014205152031322,84564.69955593254,1016855.8156471997,0.9232221495889457,0.0,1.478494623655914,-0.0030123293163520914,-0.27440633245382584
2019-06-24,1107944.6356651648,1.1079446356651648,275275.6763321948,832668.95933297,0.7515438339868575,744271.8269615313,1.4807987711213517,0.0,-0.27327553712777986
2019-06-25,1107709.065112892,1.107709065112892,275275.6763321948,832433.3887806972,0.7514909961451475,0.0,1.465821812596006,-0.00021261942581751736,-0.28062570674707876
2019-06-26,1101237.586768658,1.101237586768658,275275.6763321948,825961.9104364631,0.7500306204223093,0.0,1.466205837173579,-0.006053595712822046,-0.28043724085940447
2019-06-27,1113503.680696354,1.113503680696354,275275.6763321948,838228.0043641592,0.7527842241526808,0.0,1.4823348694316436,0.0,-0.27252167357708257
2019-06-28,1113394.4722349455,1.1133944722349456,275275.6763321948,838118.7959027507,0.7527599757347215,0.0,1.4819508448540706,-9.80764260610778e-05,-0.27271013946475686
2019-07-01,1124796.2311079474,1.1247962311079474,279791.7787912068,845004.4523167406,0.7512511412706228,31657.667406115506,1.5184331797235022,0.0,-0.2548058801356955
2019-07-02,1126439.8973069382,1.1264398973069383,279791.7787912068,846648.1185157314,0.751614107898588,0.0,1.52073732718894,0.0,-0.2536750848096495
2019-07-03,1129183.7780847962,1.1291837780847962,322613.05732385785,806570.7207609382,0.714295348919163,42877.018656905064,1.5080645161290323,0.0,-0.2598944591029023
2019-07-04,1122334.1747185015,1.1223341747185016,322613.05732385785,799721.1173946436,0.7125516939687111,0.0,1.498079877112135,-0.006065977477919593,-0.26479457218243496
2019-07-05,1128854.0964647543,1.1288540964647542,322613.05732385785,806241.0391408964,0.7142119089311993,0.0,1.5057603686635943,-0.00029196453796132005,-0.2610252544289484
2019-07-08,1114214.4768603914,1.1142144768603914,22388.07563171086,1091826.4012286805,0.9799068526781347,300134.941209784,1.4711981566820276,-0.01325674484076822,-0.2779871843196382
2019-07-09,1112901.5566793748,1.1129015566793747,382349.12376787956,730552.4329114952,0.6564394025032048,360429.6066247809,1.467741935483871,-0.01441946096058666,-0.27968337730870707
2019-07-10,1113877.3069715644,1.1138773069715644,382349.12376787956,731528.1832036849,0.6567403596654471,0.0,1.4681259600614438,-0.013555340955387352,-0.2794949114210329
2019-07-11,1116096.847277123,1.116096847277123,382349.12376787956,733747.7235092435,0.6574229873503589,0.0,1.4685099846390168,-0.011589726191311156,-0.2793064455333585
2019-07-12,1117801.9290741207,1.1178019290741208,382349.12376787956,735452.8053062411,0.657945550259892,0.0,1.4804147465437787,-0.010079713534301815,-0.27346400301545426
2019-07-15,1118086.9783284655,1.1180869783284655,22204.177000348805,1095882.8013281166,0.9801409215644886,370973.92575958645,1.4857910906298004,-0.009827275215688935,-0.2708254805880135
2019-07-16,1111209.4049670608,1.1112094049670609,22204.177000348805,1089005.2279667119,0.9800180083959898,0.0,1.4796466973886329,-0.015918022793616093,-0.27384093479080285
2019-07-17,1107054.7073047776,1.1070547073047776,22204.177000348805,1084850.5303044287,0.9799430174011843,0.0,1.477342549923195,-0.019597404080274328,-0.27497173011684894
2019-07-18,1103587.260141726,1.1035872601417258,383932.8150594157,719654.4450823101,0.6521047053314932,362199.4974056943,1.467741935483871,-0.022668159461593174,-0.27968337730870707
2019-07-19,1111885.3059982392,1.1118853059982392,383932.8150594157,727952.4909388234,0.654701062251448,0.0,1.4831029185867894,-0.015319447925382756,-0.272144741801734
2019-07-22,1106401.2460947824,1.1064012460947823,88611.68235952116,1017789.5637352612,0.9199099940710569,385648.6920805801,1.4715821812596006,-0.02017610634528888,-0.2777987184319638
2019-07-23,1100827.2964962674,1.1008272964962675,88611.68235952116,1012215.6141367463,0.9195044648315354,0.0,1.4750384024577574,-0.02511237066885952,-0.2761025254428948
2019-07-24,1103291.4755936232,1.1032914755936232,88611.68235952116,1014679.7932341021,0.9196842499740662,0.0,1.486943164362519,-0.022930104907359583,-0.2702600829249906
2019-07-25,1113692.8555451743,1.1136928555451744,88611.68235952116,1025081.1731856532,0.9204343622046995,0.0,1.500384024577573,-0.013718690296716685,-0.263663776856389
2019-07-26,1110150.4190001213,1.1101504190001212,88611.68235952116,1021538.7366406001,0.920180472084737,0.0,1.5023041474654377,-0.01685585593246597,-0.2627214474180174
2019-07-29,1115495.9865761176,1.1154959865761176,88189.41455376206,1027306.5720223555,0.920941522322775,684146.065020374,1.5,-0.012121845685646004,-0.26385224274406327
2019-07-30,1113306.2613973706,1.1133062613973705,88189.41455376206,1025116.8468436085,0.9207860248238694,0.0,1.5069124423963134,-0.014061056309501274,-0.2604598567659253
2019-07-31,1115172.1647366947,1.1151721647366946,88189.41455376206,1026982.7501829326,0.9209185654534476,0.0,1.4961597542242702,-0.012408620828636696,-0.26573690162080676
2019-08-01,1103517.1697160266,1.1035171697160266,88189.41455376206,1015327.7551622646,0.9200833326621857,0.0,1.4823348694316436,-0.022730231222682473,-0.27252167357708257
2019-08-02,1103867.4769978093,1.1038674769978092,88189.41455376206,1015678.0624440472,0.9201086938500888,0.0,1.4596774193548387,-0.022420000692824238,-0.283641160949868
2019-08-05,1109354.3353773656,1.1093543353773656,515514.11054966855,593840.224827697,0.5353025682508306,427975.8430796087,1.434331797235023,-0.017560863955257355,-0.296079909536374
2019-08-06,1102378.5686614658,1.1023785686614658,515514.11054966855,586864.4581117972,0.5323619986774434,0.0,1.4193548387096775,-0.023738571119746865,-0.30343007915567277
2019-08-07,1105953.6638821587,1.1059536638821588,799169.9362941247,306783.727588034,0.2773929302889152,284025.05832027254,1.4101382488479264,-0.02057248310991322,-0.3079532604598567
2019-08-08,1108159.4186640978,1.1081594186640977,799169.9362941247,308989.4823699731,0.2788312558336276,0.0,1.4308755760368663,-0.01861907674263419,-0.29777610252544295
2019-08-09,1109354.2025043147,1.1093542025043148,799169.9362941247,310184.26621019,0.2796079606585198,0.0,1.4197388632872503,-0.017560981627024685,-0.3032416132679985
2019-08-12,1103728.0992991277,1.1037280992991276,221716.03757636144,882012.0617227663,0.799120781905297,577280.7145034123,1.4423963133640552,-0.022543432946622644,-0.292122125895213
2019-08-13,1126855.9483550284,1.1268559483550284,221716.03757636144,905139.910778667,0.8032436728935761,0.0,1.4301075268817205,-0.0020615153838960953,-0.29815303430079154
2019-08-14,1102414.016966406,1.102414016966406,221716.03757636144,880697.9793900446,0.7988813329982198,0.0,1.4354838709677418,-0.023707178262686535,-0.295514511873351
2019-08-15,1111349.776828913,1.1113497768289131,221716.03757636144,889633.7392525516,0.8004984189505141,0.0,1.4412442396313363,-0.01579371011345143,-0.292687523558236
2019-08-16,1113452.3085612678,1.1134523085612678,221716.03757636144,891736.2709849064,0.8008751377390839,0.0,1.4473886328725039,-0.013931717607748917,-0.28967206935544665
2019-08-19,1116091.6456516855,1.1160916456516856,220137.0469227609,895954.5987289246,0.802760778847849,1180629.51141054,1.4819508448540706,-0.011594332727057122,-0.27271013946475686
2019-08-20,1117312.4446955211,1.1173124446955212,220137.0469227609,897175.3977727602,0.8029762865634684,0.0,1.4758064516129032,-0.010513198665862866,-0.2757255936675461
2019-08-21,1117516.9695074307,1.1175169695074307,220137.0469227609,897379.9225846698,0.8030123452892255,0.0,1.4754224270353302,-0.010332072425937144,-0.2759140595552205
2019-08-22,1124031.3258299567,1.1240313258299566,220137.0469227609,903894.2789071958,0.8041539929857229,0.0,1.478494623655914,-0.004562988199829365,-0.27440633245382584
2019-08-23,1119441.6866161786,1.1194416866161787,220137.0469227609,899304.6396934177,0.803351036901095,0.0,1.488863287250384,-0.008627551739311179,-0.2693177534866189
2019-08-26,1123637.5567713948,1.1236375567713948,280405.5271162673,843232.0296551276,0.7504484204657854,60407.38697986666,1.4723502304147464,-0.004911708280833094,-0.2774217866566152
2019-08-27,1138248.3741720577,1.1382483741720577,280405.5271162673,857842.8470557905,0.753651721821936,0.0,1.487711213517665,0.0,-0.2698831511496419
2019-08-28,1136589.3359696139,1.1365893359696138,280405.5271162673,856183.8088533466,0.7532921361812216,0.0,1.4831029185867894,-0.001457536193408271,-0.272144741801734
2019-08-29,1148598.580893969,1.148598580893969,280405.5271162673,868193.0537777017,0.7558716058154764,0.0,1.4788786482334868,0.0,-0.27421786656615155
2019-08-30,1150531.4558721902,1.1505314558721902,280405.5271162673,870125.9287559229,0.7562817377264157,0.0,1.4827188940092166,0.0,-0.27233320768940816
2019-09-02,1165003.7353795615,1.1650037353795615,22923.04912334027,1142080.6862562213,0.9803236260732916,257405.25641600223,1.499231950844854,0.0,-0.2642291745194121
2019-09-03,1173331.4361587525,1.1733314361587526,22923.04912334027,1150408.3870354122,0.9804632788171213,0.0,1.5007680491551458,0.0,-0.2634753109687147
2019-09-04,1179240.7729783177,1.1792407729783176,22923.04912334027,1156317.7238549774,0.9805611799993607,0.0,1.519585253456221,0.0,-0.2542404824726725
2019-09-05,1183159.0490510913,1.1831590490510913,22923.04912334027,1160235.999927751,0.9806255556751015,0.0,1.533794162826421,0.0,-0.24726724462872218
2019-09-06,1167868.5233735389,1.1678685233735389,22923.04912334027,1144945.4742501986,0.98037189232815,0.0,1.5441628264208909,-0.012923474396629553,-0.24217866566151525
2019-09-09,1183340.843457225,1.183340843457225,0.0,1183340.843457225,1.0,1382092.0430852491,1.5503072196620582,0.0,-0.239163211458726
2019-09-10,1175227.1720318552,1.1752271720318552,0.0,1175227.1720318552,1.0,0.0,1.5460829493087556,-0.006856580223889686,-0.24123633622314367
2019-09-11,1163456.9078531915,1.1634569078531916,0.0,1163456.9078531915,1.0,0.0,1.5349462365591398,-0.01680321921952843,-0.2467018469656992
2019-09-12,1168444.4557632348,1.1684444557632347,223439.50898821128,945004.9467750235,0.8087718180473891,223730.35845420175,1.5506912442396314,-0.012588416749369724,-0.23897474557105158
2019-09-16,1165757.21735537,1.16575721735537,0.0,1165757.21735537,1.0,246476.20592546015,1.5453149001536097,-0.014859308033755458,-0.24161326799849236
2019-09-17,1137132.0771523765,1.1371320771523765,0.0,1137132.0771523765,1.0,0.0,1.5172811059907834,-0.03904941383570082,-0.2553712777987185
2019-09-18,1138136.7762585357,1.1381367762585357,229658.6302584641,908478.1460000715,0.7982152628320872,229957.57510610204,1.5238095238095237,-0.03820037772601681,-0.2521673577082548
2019-09-19,1150054.9567270002,1.1500549567270002,229658.6302584641,920396.326468536,0.8003063863034325,0.0,1.5311059907834101,-0.028128739842172124,-0.24858650584244246
2019-09-20,1153739.0306979816,1.1537390306979816,229658.6302584641,924080.4004395175,0.8009440400750534,0.0,1.5334101382488479,-0.025015457653569495,-0.2474557105163966
2019-09-23,1158019.638778322,1.158019638778322,0.0,1158019.638778322,1.0,1135957.1396498291,1.5199692780337941,-0.021398065332491334,-0.2540520165849981
2019-09-24,1167619.666058618,1.167619666058618,284128.4379238573,883491.2281347609,0.7566601127206493,284498.28569526115,1.521121351766513,-0.013285417709978042,-0.2534866189219751
2019-09-25,1144456.526784994,1.144456526784994,284128.4379238573,860328.0888611367,0.751735053910671,0.0,1.510752688172043,-0.032859777372872045,-0.25857519788918204
2019-09-26,1117936.750647576,1.1179367506475761,284128.4379238573,833808.3127237188,0.7458456949740019,0.0,1.500384024577573,-0.05527071356597946,-0.263663776856389
2019-09-27,1121562.9365247346,1.1215629365247346,560052.4768989729,561510.4596257617,0.5006499781150519,276283.20714440336,1.5038402457757296,-0.052206350582813754,-0.26196758386732
2019-09-30,1107809.559450303,1.107809559450303,223768.08765698673,884041.4717933163,0.7980085243459889,336183.5341817316,1.4857910906298004,-0.06382884899523222,-0.2708254805880135
2019-10-08,1115167.2279520566,1.1151672279520566,515819.01661539753,599348.211336659,0.5374514210190064,293509.7147970408,1.4953917050691243,-0.05761114042678839,-0.26611383339615535
2019-10-09,1115600.9618821607,1.1156009618821607,515819.01661539753,599781.9452667632,0.5376312550455807,0.0,1.499615975422427,-0.057244607037442274,-0.2640407086317377
2019-10-10,1116117.1379758005,1.1161171379758006,515819.01661539753,600298.121360403,0.5378450889564412,0.0,1.51036866359447,-0.05680840465628223,-0.25876366377685645
2019-10-11,1122802.495601757,1.122802495601757,515819.01661539753,606983.4789863594,0.5405968381474353,0.0,1.5288018433179722,-0.051158842517934455,-0.24971730116848856
2019-10-14,1129665.288659679,1.129665288659679,225536.70169967267,904128.5869600063,0.8003508614775031,311555.74617435207,1.5399385560675882,-0.045359335895758135,-0.24425179042593292
2019-10-15,1134400.7079541327,1.1344007079541327,225536.70169967267,908864.00625446,0.8011842727897946,0.0,1.5349462365591398,-0.0413575985090735,-0.2467018469656992
2019-10-16,1127720.8444192272,1.1277208444192273,225536.70169967267,902184.1427195545,0.8000066214827984,0.0,1.5295698924731183,-0.04700251778304165,-0.24934036939313986
2019-10-17,1126327.870707767,1.126327870707767,225536.70169967267,900791.1690080944,0.7997592818528507,0.0,1.531874039938556,-0.04817967119506328,-0.24820957406709387
2019-10-18,1111729.8227046004,1.1117298227046004,225536.70169967267,886193.1210049277,0.7971299347255161,0.0,1.5096006144393241,-0.0605159714959278,-0.25914059555220503
2019-10-21,1122803.1540975287,1.1228031540975287,221198.0068290207,901605.147268508,0.8029948472964415,586747.4030474785,1.5130568356374807,-0.051158286046166235,-0.25744440256313605
2019-10-22,1121712.251420117,1.121712251420117,221198.0068290207,900514.2445910963,0.8028032531970849,0.0,1.5188172043010753,-0.05208016978189911,-0.2546174142480211
2019-10-23,1116238.305833091,1.1162383058330911,221198.0068290207,895040.2990040703,0.8018362157317902,0.0,1.510752688172043,-0.05670600993378072,-0.25857519788918204
2019-10-24,1122508.4873839966,1.1225084873839966,221198.0068290207,901310.4805549759,0.8029431319984741,0.0,1.5126728110599077,-0.05140729858989901,-0.25763286845081046
2019-10-25,1125970.0188861634,1.1259700188861634,221198.0068290207,904772.0120571427,0.8035489372551544,0.0,1.521889400921659,-0.048482079265892764,-0.2531096871466264
2019-10-28,1124733.222498698,1.124733222498698,224476.0060723722,900257.2164263257,0.8004184444968397,604370.2451616321,1.5307219662058371,-0.04952725267835789,-0.24877497173011687
2019-10-29,1116453.6458580769,1.116453645858077,224476.0060723722,891977.6397857047,0.7989383554748072,0.0,1.5257296466973884,-0.056524033602805224,-0.25122502826988324
2019-10-30,1111907.5113201828,1.1119075113201828,224476.0060723722,887431.5052478106,0.7981162967360039,0.0,1.5157450076804915,-0.06036581305547095,-0.2561251413494158
2019-10-31,1109628.0205742628,1.1096280205742628,518245.9446426881,591382.0759315747,0.5329552471336461,294152.33660790615,1.5149769585253454,-0.06229213103775266,-0.2565020731247645
2019-11-01,1118211.7896480532,1.1182117896480532,518245.9446426881,599965.8450053651,0.5365404394405453,0.0,1.5460829493087556,-0.055038287716742684,-0.24123633622314367
2019-11-04,1123525.667566707,1.123525667566707,223652.88537659298,899872.7821901139,0.8009365590543448,302170.0409992868,1.551075268817204,-0.050547715158519524,-0.2387862796833774
2019-11-05,1129958.9803339588,1.1299589803339587,223652.88537659298,906306.0949573658,0.8020699076080686,0.0,1.5599078341013826,-0.045111147323628975,-0.23445156426686764
2019-11-06,1126743.2555757798,1.12674325557578,223652.88537659298,903090.3701991868,0.8015050152110265,0.0,1.553379416282642,-0.047828643956960626,-0.23765548435733141
2019-11-07,1131802.9714762857,1.1318029714762856,223652.88537659298,908150.0860996927,0.8023923854123941,0.0,1.555299539170507,-0.04355285483966509,-0.2367131549189596
2019-11-08,1128284.6872019563,1.1282846872019563,223652.88537659298,904631.8018253633,0.8017761936207503,0.0,1.5491551459293393,-0.0465260339484419,-0.23972860912174898
2019-11-11,1113380.5435521621,1.1133805435521622,224962.82471668292,888417.7188354792,0.7979461505596686,3508.949197630922,1.523425499231951,-0.059121004985062675,-0.2523558235959291
2019-11-12,1116259.0219506815,1.1162590219506814,519525.9873365243,596733.0346141572,0.5345829443522491,294946.5931909897,1.521505376344086,-0.05668850346664167,-0.2532981530343008
2019-11-13,1118327.9230889645,1.1183279230889644,519525.9873365243,598801.9357524402,0.5354439636081632,0.0,1.5203533026113671,-0.05494014740361708,-0.2538635506973238
2019-11-14,1120657.884816408,1.120657884816408,519525.9873365243,601131.8974798836,0.5364098228589755,0.0,1.521505376344086,-0.0529711781583434,-0.2532981530343008
2019-11-15,1118301.3238122026,1.1183013238122026,813123.4045874557,305177.9192247469,0.27289417684351747,293979.5907188659,1.5142089093701996,-0.05496262552301012,-0.2568790049001132
2019-11-18,1123848.2511280684,1.1238482511280685,89226.11655253131,1034622.1345755372,0.9206066152943958,723680.1839797305,1.5249615975422426,-0.05027511106212146,-0.25160196004523183
2019-11-19,1135555.4839220433,1.1355554839220434,89226.11655253131,1046329.3673695121,0.921425137022493,0.0,1.5403225806451613,-0.040381737687319896,-0.24406332453825863
2019-11-20,1129918.8368632814,1.1299188368632815,89226.11655253131,1040692.7203107502,0.921033163054235,0.0,1.5245775729646698,-0.04514507116805566,-0.2517904259329061
2019-11-21,1128095.9550989193,1.1280959550989194,89226.11655253131,1038869.8385463881,0.920905561136679,0.0,1.5168970814132106,-0.046685524854278904,-0.25555974368639267
2019-11-22,1102201.6644118538,1.1022016644118537,89226.11655253131,1012975.5478593225,0.9190473763255083,0.0,1.5007680491551458,-0.06856788514821877,-0.2634753109687147
2019-11-25,1100348.0362743689,1.100348036274369,1100348.0362743689,0.0,0.0,1012438.0892378467,1.5115207373271888,-0.07013432152006682,-0.25819826611383345
2019-11-26,1100348.0362743689,1.100348036274369,1100348.0362743689,0.0,0.0,0.0,1.5138248847926268,-0.07013432152006682,-0.25706747078778736
2019-11-27,1100348.0362743689,1.100348036274369,1100348.0362743689,0.0,0.0,0.0,1.5115207373271888,-0.07013432152006682,-0.25819826611383345
2019-11-28,1100348.0362743689,1.100348036274369,1100348.0362743689,0.0,0.0,0.0,1.5092165898617511,-0.07013432152006682,-0.25932906143987944
2019-11-29,1100348.0362743689,1.100348036274369,1100348.0362743689,0.0,0.0,0.0,1.4927035330261136,-0.07013432152006682,-0.26743309460987563
2019-12-02,1100348.0362743689,1.100348036274369,1100348.0362743689,0.0,0.0,0.0,1.4957757296466974,-0.07013432152006682,-0.26592536750848095
2019-12-03,1100348.0362743689,1.100348036274369,1100348.0362743689,0.0,0.0,0.0,1.5019201228878647,-0.07013432152006682,-0.2629099133056917
2019-12-04,1100348.0362743689,1.100348036274369,1100348.0362743689,0.0,0.0,0.0,1.5026881720430105,-0.07013432152006682,-0.2625329815303431
2019-12-05,1100348.0362743689,1.100348036274369,1100348.0362743689,0.0,0.0,0.0,1.5138248847926268,-0.07013432152006682,-0.25706747078778736
2019-12-06,1100348.0362743689,1.100348036274369,1100348.0362743689,0.0,0.0,0.0,1.523041474654378,-0.07013432152006682,-0.2525442894836034
2019-12-09,1101182.1925421834,1.1011821925421834,219805.52372616797,881376.6688160155,0.8003913201513674,880278.429019495,1.5180491551459292,-0.06942940520417473,-0.2549943460233698
2019-12-10,1115649.6489359797,1.1156496489359797,219805.52372616797,895844.1252098117,0.8029797939381763,0.0,1.519201228878648,-0.0572034633094215,-0.2544289483603468
2019-12-11,1109048.5862883478,1.109048586288348,219805.52372616797,889243.0625621799,0.8018071287013755,0.0,1.497695852534562,-0.06278179070691614,-0.26498303807010937
2019-12-12,1121366.1010430218,1.1213661010430218,219805.52372616797,901560.5773168538,0.8039841551107001,0.0,1.4934715821812594,-0.052372689370831726,-0.26705616283452704
2019-12-13,1130665.2839281573,1.1306652839281572,219805.52372616797,910859.7602019893,0.805596291979073,0.0,1.5238095238095237,-0.044514274834942635,-0.2521673577082548
2019-12-16,1143784.7946697478,1.143784794669748,21886.75244149519,1121898.0422282526,0.98086462370938,794775.2897725096,1.5284178187403994,-0.03342743471264875,-0.24990576705616285
2019-12-17,1150405.1141382023,1.1504051141382023,21886.75244149519,1128518.361696707,0.9809747434425384,0.0,1.5522273425499231,-0.027832834048724497,-0.2382208820203543
2019-12-18,1150538.5986826443,1.1505385986826444,21886.75244149519,1128651.8462411491,0.9809769507371979,0.0,1.5464669738863288,-0.02772003092426545,-0.24104787033546926
2019-12-19,1141257.6136461606,1.1412576136461605,21886.75244149519,1119370.8612046654,0.9808222506647118,0.0,1.5437788018433178,-0.03556306709410528,-0.24236713154918965
2019-12-20,1130153.7633791564,1.1301537633791563,21886.75244149519,1108267.0109376612,0.9806338277580443,0.0,1.5422427035330262,-0.044946542977996384,-0.24312099509988683
2019-12-23,1096183.406323698,1.096183406323698,0.0,1096183.406323698,1.0,1317564.019888081,1.5222734254992318,-0.07365370477612321,-0.2529212212589522
2019-12-24,1111618.019556917,1.111618019556917,0.0,1111618.019556917,1.0,0.0,1.530337941628264,-0.06061045242955032,-0.24896343761779127
2019-12-25,1124796.5951753387,1.1247965951753387,0.0,1124796.5951753387,1.0,0.0,1.5330261136712748,-0.04947369864361695,-0.24764417640407088
2019-12-26,1134453.5153755234,1.1344535153755233,0.0,1134453.5153755234,1.0,0.0,1.5441628264208909,-0.04131297280238677,-0.24217866566151525
2019-12-27,1117575.1769692039,1.117575176969204,0.0,1117575.1769692039,1.0,0.0,1.5426267281105992,-0.05557626684791972,-0.24293252921221253
2019-12-30,1138752.1092712875,1.1387521092712876,0.0,1138752.1092712875,1.0,442678.3073213908,1.564900153609831,-0.03768038129713147,-0.23200150772710137
2019-12-31,1139078.4800170648,1.1390784800170648,0.0,1139078.4800170648,1.0,0.0,1.5729646697388633,-0.037404576783510834,-0.22804372408594042
